st,rain-max,rain-avg,rain-sum,press-max,press-min,press-avg,RH-max,RH-avg,RH-min,temp-max,temp-avg,temp-min,wind-max,wind-avg,wind-min,NDVI,runoff,extreme,latitude,longitude,date,shape,loc,scale
3001,30.48514653,3.239902721,98.023508,1015.499472,1007.69162,1011.596496,95.76541,88.30603229,81.44628327,36.3328566,32.99930061,19.9872836,25.6007697,23.11325962,19.9872836,0.404204443,9.061098449,115.768468,14.9595,102.088,9/1/2020,-0.374310617,13.77211785,17.34078997
3002,37.21965902,3.995441642,120.9267344,1015.5862,1007.612289,1011.581887,96.81929003,89.23060715,78.6295685,36.04986709,32.85868039,20.3839313,39.62617611,23.97167617,20.3839313,0.743437865,9.7943444,137.0658897,14.3857,102.1992,9/1/2020,-0.001244101,23.5380083,22.77751816
3003,36.36287763,3.952075308,119.7425865,1015.667906,1007.515855,1011.582099,97.31551101,89.9379458,78.82018663,35.92425585,32.66720847,20.44601959,40.48271417,24.03010051,20.44601959,0.532041224,10.1942975,135.1764696,14.3447,102.492,9/1/2020,0.054608973,24.0326637,22.54570372
3004,34.97677779,3.725896841,112.9617353,1015.589829,1007.411753,1011.500957,96.64792781,88.42030062,77.2051864,35.55896327,32.19627572,21.47390579,59.47105728,25.74484813,21.47390579,0.565304095,9.267114502,102.4924515,15.4573,102.3339,9/1/2020,0.143797944,24.07072602,21.7874698
3005,34.56346378,3.591580438,109.095963,1015.585653,1007.355117,1011.45806,95.969059,86.88745701,75.07250854,35.6676058,32.18143177,22.06534217,69.79258881,26.71125079,22.06534217,0.558627113,10.59788696,109.6862327,15.5831,102.1524,9/1/2019,0.046601924,21.99919978,20.94866197
3006,35.88673036,3.855745895,116.8025114,1015.591271,1007.573847,1011.572811,96.80353653,89.2482888,78.96449305,36.01489133,32.75035325,20.43051278,39.13685368,24.02863845,20.43051278,0.545079796,8.769926378,128.9627113,14.9244,102.451,9/1/2020,0.033717215,23.22233986,22.21275959
3007,40.91771886,4.29817861,130.2975302,1015.541697,1007.74743,1011.607385,96.45896727,88.75970653,78.42626211,36.57560519,33.46875091,19.62226974,26.204217,22.81515892,19.62226974,0.514087282,12.85930334,158.6041388,14.7663,102.1992,9/1/2020,-0.242471945,20.45784862,23.51092644
3008,34.19379789,3.631445506,110.0842968,1015.558011,1007.550753,1011.548819,96.41891367,88.56540523,78.53513604,35.80577752,32.52169864,21.07128033,50.46377027,24.984516,21.07128033,0.571567993,9.780610519,115.2533105,15.1938,101.7484,9/1/2020,0.089757366,23.07720928,21.50906852
3009,33.76299385,3.587625602,108.5725455,1015.553525,1007.567298,1011.556217,96.33494404,88.53169396,79.15719278,35.92975065,32.64341187,20.69729144,43.62394225,24.3788404,20.69729144,0.63453736,8.568255241,114.3897778,15.2314,102.1077,9/1/2020,0.031254003,21.71478737,21.05356384
3010,34.33094741,3.663776097,111.1769878,1015.565047,1007.544683,1011.553082,96.52377311,88.73458621,78.92281086,35.86529758,32.5940275,20.74120236,44.98416116,24.46033361,20.74120236,0.527860291,7.332474773,114.9870458,15.2143,102.2783,9/1/2020,0.062313133,22.57597529,21.44012016
3011,34.4570656,3.671290356,111.2536478,1015.573898,1007.482708,1011.520145,96.42949467,88.33217273,77.93203485,35.73745463,32.37378852,21.15560691,53.46988488,25.29889118,21.15560691,0.587769141,8.860109512,107.911433,15.3559,102.1605,9/1/2020,0.099462215,23.14272277,21.47073723
3012,35.14040575,3.735387824,113.285403,1015.600629,1007.349599,1011.478525,96.64530318,88.31295497,76.67259161,35.42944363,32.01784509,21.76509632,66.14515846,26.26005684,21.76509632,0.542483866,10.8981379,97.50047637,15.6404,102.4049,9/1/2019,0.148251627,24.09827752,21.79365664
3013,35.6242277,3.838309856,116.3010162,1015.595735,1007.367756,1011.492939,97.2924907,89.36584238,77.84466235,35.29340957,32.00508021,21.43350073,62.77101022,25.81614644,21.43350073,0.630506614,10.38224598,97.217921,15.5714,102.7116,9/1/2020,0.205288752,25.33596536,22.33256712
3014,37.48943377,4.006132507,121.2001357,1015.5446,1007.689415,1011.59366,96.4523139,88.78854319,78.86657681,36.28418284,33.1486462,20.09951316,34.16936444,23.4750511,20.09951316,0.57263904,8.005247255,141.479329,14.6843,101.9767,9/1/2020,-0.064863962,22.34667785,22.84357364
3015,35.33571703,3.808169777,115.3744574,1015.595592,1007.472559,1011.531538,97.05004319,89.24264985,78.30130276,35.61095736,32.33009963,21.00286617,52.22651022,25.05365878,21.00286617,0.608107452,8.104699291,111.4261563,15.2552,102.5417,9/1/2020,0.145318573,24.49872171,22.02002469
3016,35.64268692,3.85630703,116.8334688,1015.623373,1007.497937,1011.554939,97.25584698,89.62822884,78.55562323,35.741358,32.48912193,20.76302094,46.97415401,24.58960871,20.76302094,0.657061829,8.710970996,120.7959964,15.0445,102.6442,9/1/2020,0.118471726,24.41949021,22.09068167
3017,35.58447248,3.849875879,116.6390884,1015.607071,1007.46266,1011.535659,97.33951923,89.60737875,78.26794111,35.57606064,32.33778047,20.99017075,52.70434452,25.00147405,20.99017075,0.584463762,9.001850934,111.8742397,15.2317,102.7024,9/1/2020,0.162883259,24.8894554,22.04008831
3018,34.57912885,3.68741351,110.9715462,1015.534864,1007.652587,1011.582314,96.30806244,88.69699125,79.34107218,36.13504508,32.88410866,20.51010675,38.04327814,24.06077584,20.51010675,0.582721527,8.371207442,128.2382885,14.8366,101.8596,9/1/2020,-0.002397372,21.82507407,21.60332512
3019,32.66533129,3.485660427,104.6509942,1015.524323,1007.650186,1011.581478,96.08889318,88.51400572,80.28178332,36.17310616,32.86361275,20.29479069,33.69748815,23.75376108,20.29479069,0.647537947,7.863667006,119.97314,15.024,101.9299,9/1/2020,-0.087314156,19.17467343,20.16140516
3020,34.08061757,3.587184051,108.4379512,1015.535976,1007.61707,1011.564955,96.46837624,88.73277689,78.44690809,35.83797544,32.56536408,21.41571012,54.69747198,25.51967279,21.41571012,0.542329601,10.98233161,125.2530898,14.983,101.6078,9/1/2020,0.087731065,23.30758307,21.61287286
3021,32.10677232,3.208700539,96.56318372,1015.450913,1007.812745,1011.598422,96.34493208,88.65499948,77.62039158,35.86165585,32.64744351,22.97103603,81.20307105,27.92676162,22.97103603,0.62948759,7.362669345,148.7072457,14.6141,101.4614,9/1/2020,-0.206909989,18.20777023,19.4028345
3022,37.89299818,4.056533378,122.897036,1015.584708,1007.63513,1011.59117,96.73642218,89.10798471,78.77812734,36.2384314,33.07426419,20.09954889,33.7606675,23.45632252,20.09954889,0.661017971,10.42941277,142.2333156,14.7224,102.3778,9/1/2020,-0.05346921,22.82389403,22.99156546
3023,34.67433679,3.596481836,109.2229294,1015.592115,1007.333671,1011.448895,95.99707097,86.83910256,75.08696073,35.60767363,32.11048199,22.12058042,72.44531133,26.91859674,22.12058042,0.533391912,11.53228737,110.4322284,15.6944,102.2578,9/1/2019,0.043940339,21.95737405,20.96612929
3024,35.36336848,3.802118524,115.2298663,1015.595779,1007.409406,1011.50759,97.04474734,89.07472322,77.76825878,35.45791919,32.14511211,21.33565057,58.45579547,25.57313233,21.33565057,0.572364094,9.338642962,103.3039963,15.4368,102.5359,9/1/2020,0.177211614,24.86237925,22.10810164
3025,36.1613817,3.860007429,116.7483613,1015.556052,1007.632599,1011.578294,96.65870745,89.01084297,78.55928995,35.97117263,32.78104162,20.77409413,46.0020217,24.54682557,20.77409413,0.794955052,9.29751458,134.0616037,14.4267,101.8947,9/1/2020,0.036362647,23.70061157,22.43277822
3026,34.46531153,3.665925266,110.9906762,1015.569346,1007.503092,1011.532267,96.53498768,88.58641709,77.83420597,35.62224694,32.30511018,21.51058077,58.22690831,25.72420433,21.51058077,0.586269177,10.7061605,112.4839909,15.2876,101.5235,9/1/2020,0.139097442,24.11782202,21.79794283
3027,35.73113895,3.869697905,117.2565054,1015.596141,1007.409779,1011.509169,97.55569395,89.74036936,78.08335628,35.42077184,32.16415324,21.17624478,57.83130498,25.41404676,21.17624478,0.593311514,8.962808898,104.2254807,15.4631,102.8726,9/1/2020,0.202221919,25.35510874,22.16131653
3028,34.32085302,3.643583096,110.4277302,1015.571003,1007.473582,1011.518762,96.33637446,88.15708007,77.58259266,35.75680783,32.38581232,21.29089375,54.03307439,25.37864807,21.29089375,0.60547598,9.565224556,107.8345209,15.3636,102.0001,9/1/2020,0.093195504,22.96516808,21.38019329
3029,35.86612123,3.878383085,117.4770152,1015.631072,1007.481756,1011.550603,97.7547102,90.06759178,78.34129989,35.74177075,32.52933987,20.7932728,49.07719876,24.71290928,20.7932728,0.634198104,8.968523009,114.5050743,15.2021,102.9283,9/1/2020,0.158638365,24.69473161,21.88140719
3030,35.42670446,3.780669118,114.6210091,1015.605942,1007.341988,1011.48148,96.95980479,88.76976218,77.18821573,35.30720493,31.95400911,21.68551563,65.90604741,26.17481806,21.68551563,0.577670599,11.08916894,92.75086825,15.668,102.5183,9/1/2020,0.180847058,24.78017567,22.14991657
3031,35.44435378,3.801543497,115.1968789,1015.599721,1007.36998,1011.49275,97.05647036,89.00350873,77.57710069,35.34608149,32.02620909,21.50373514,62.94767288,25.89322949,21.50373514,0.594348615,10.46004027,97.03433137,15.5714,102.5652,9/1/2020,0.190063489,25.00068938,22.20025963
3032,34.46226581,3.664858888,110.930299,1015.547399,1007.640396,1011.581146,96.36029268,88.74249783,79.75267549,36.15041513,32.89082116,20.21826519,34.55171123,23.67742936,20.21826519,0.795640626,8.13456911,125.6550949,14.9771,102.2929,9/1/2020,-0.017607847,21.34322449,21.46807857
3101,35.58957918,3.828731558,115.9355451,1015.630533,1007.528605,1011.568607,97.64290065,90.09047951,78.19006351,35.73348352,32.56925073,20.85577571,49.36441059,24.71633159,20.85577571,0.614805918,9.125894597,120.039916,14.942,103.0599,9/1/2020,0.142457088,24.6694107,21.73362626
3102,36.24826806,3.905396544,118.5068659,1015.670045,1007.509473,1011.571917,98.10848024,90.43472411,78.64888776,36.05545367,32.85818386,20.3649075,42.57746045,24.19465838,20.3649075,0.660314557,8.742926787,116.8631769,15.2055,103.0629,9/1/2020,0.116479886,23.67646139,21.8167912
3103,34.45326788,3.557607203,107.4408866,1015.55273,1007.627413,1011.579253,97.20875091,89.53154939,77.0205702,35.53754495,32.5432479,21.55465199,61.10557272,25.72126983,21.55465199,0.563503927,8.428533067,113.0786376,14.9459,103.3431,9/1/2020,0.136996393,23.98150794,21.70364024
3104,35.89775547,3.978472321,120.7254384,1015.891313,1007.388392,1011.619948,98.25739944,91.33252911,79.64495441,36.26460599,32.8806315,19.81976813,27.65806672,22.96844249,19.81976813,0.524138896,9.774086914,153.6234063,14.6346,102.7496,9/1/2020,-0.136671474,20.37962282,21.92067522
3105,36.35443594,3.946425277,119.5063639,1015.682907,1007.515789,1011.585608,97.33841145,89.88653142,78.9506274,36.0350758,32.77247114,20.30747694,37.38445705,23.80539241,20.30747694,0.560559176,9.657517233,137.2712726,14.7253,102.5476,9/1/2020,0.037610504,23.6868803,22.53089917
3106,35.84590901,3.940675989,119.4781689,1015.765951,1007.450249,1011.594417,97.84513405,90.67272012,78.9988988,35.94306435,32.6448802,20.38619581,38.0456664,23.79088095,20.38619581,0.639601839,10.40300814,139.7731826,14.3594,102.8931,9/1/2020,0.017449217,23.1078888,22.2180791
3107,35.65336383,3.888728299,117.8686247,1015.704489,1007.485709,1011.584475,97.69886312,90.41311521,78.62120201,35.79517,32.55084058,20.66113072,43.99707124,24.26275865,20.66113072,0.713589448,10.06770704,132.5009098,14.5358,103.0807,9/1/2020,0.082910753,24.08620433,22.118378
3108,35.77795876,3.922283351,118.901171,1015.730775,1007.465725,1011.58767,97.75411388,90.51842479,78.81331227,35.83987965,32.56957331,20.54456555,41.44352115,24.05825853,20.54456555,0.683680746,10.40805697,135.6606032,14.3814,102.9961,9/1/2020,0.055237093,23.70402706,22.20555493
3109,35.78138189,3.884069472,117.6937646,1015.582168,1007.400939,1011.501587,97.66228023,89.88440964,78.08489051,35.35448309,32.15564319,21.17887959,59.78069391,25.42400403,21.17887959,0.576076762,8.264730134,102.194676,15.5275,103.0043,9/1/2020,0.211599205,25.48187888,22.20355902
3110,35.71854171,3.867862213,117.171117,1015.636472,1007.489982,1011.557385,97.58882574,89.99075318,78.39268356,35.71300001,32.49423769,20.80004858,48.52437596,24.67272435,20.80004858,0.576748525,8.237266691,119.2386534,15.0386,102.8667,9/1/2020,0.142019247,24.71459088,21.91040134
3111,36.77338285,3.9575351,119.9186863,1015.728787,1007.535734,1011.604774,98.55046912,90.95685572,78.92268513,36.49836996,33.38345984,19.95910823,32.96610379,23.31048677,19.95910823,0.619230899,7.411888914,120.248144,15.223,103.3293,9/1/2020,-0.030838148,20.91028444,21.11031652
3112,36.00208126,3.954334403,119.9203914,1015.77531,1007.445296,1011.59711,97.81187608,90.61570906,79.18363168,36.03512494,32.71792442,20.20064322,35.56612401,23.63251936,20.20064322,0.599785099,10.23224853,142.3861348,14.4033,102.6706,9/1/2020,-0.001359373,22.86670791,22.31491189
3113,35.8397954,3.86667558,117.1890398,1015.573292,1007.315383,1011.465561,97.53131962,89.66078855,77.97963716,35.15321103,31.85697338,21.55475584,67.17213938,26.10984645,21.55475584,0.558892584,10.82381362,92.51452276,15.6988,102.9282,9/1/2020,0.20357952,25.40126758,22.42637005
3114,35.87032676,3.900352525,118.2054494,1015.66829,1007.494244,1011.574927,97.38975381,89.94642465,78.80552827,35.88011167,32.62951301,20.50879353,42.03411817,24.13104005,20.50879353,0.582579089,9.093504381,129.7005973,14.8717,102.6471,9/1/2020,0.081661648,24.081202,22.25706668
3115,35.26475705,3.766709088,114.0577379,1015.609466,1007.550504,1011.574351,97.43462492,89.96322165,77.984159,35.63652269,32.50293182,21.05729848,52.87683709,24.98435844,21.05729848,0.556474598,9.469225675,121.2550108,14.7341,103.18,9/1/2020,0.135817431,24.64109589,21.77227326
3116,35.47706184,3.777196885,114.2621143,1015.613619,1007.562237,1011.576636,97.67700648,90.09575243,78.03351357,35.79738718,32.70653828,20.85368088,50.37367248,24.76730559,20.85368088,0.483551465,8.750588666,117.494224,15.0005,103.218,9/1/2020,0.145497032,24.43784047,21.5940536
3117,36.17159665,3.960555245,120.0673906,1015.76106,1007.462243,1011.596423,97.70884835,90.44079976,79.17189227,36.08363405,32.76827897,20.16727663,34.68727239,23.59481077,20.16727663,0.64871478,10.00323517,142.8569209,14.5526,102.5857,9/1/2020,0.00262794,23.01195251,22.44111707
3118,35.78047673,3.918738111,118.8333177,1015.741664,1007.453482,1011.590093,97.79394895,90.57794609,78.97214967,35.9334275,32.66570698,20.36083674,39.59959301,23.86613692,20.36083674,0.644350483,9.282469022,135.7578218,14.7927,102.8492,9/1/2020,0.050342234,23.55936466,22.16789081
3119,35.73334295,3.862470153,117.0533278,1015.587191,1007.370485,1011.48876,97.47927337,89.61211866,77.9722798,35.27854237,31.99570036,21.36943434,62.4974304,25.78606628,21.36943434,0.608073277,9.907696147,98.17419525,15.5744,102.8462,9/1/2020,0.213430928,25.50740591,22.35204783
3120,35.95949668,3.93645819,119.3517657,1015.708028,1007.47663,1011.580591,97.58743265,90.22288688,78.83470866,35.83900991,32.54447109,20.53486038,41.52905263,24.1634463,20.53486038,0.710865698,10.47770828,134.555647,14.2393,102.7057,9/1/2020,0.062351876,23.92743509,22.35277952
3121,36.48259009,3.897942632,118.0214085,1015.699345,1007.535286,1011.588737,98.30314812,90.58994145,78.71559232,36.2958597,33.05827027,20.22492769,37.79857328,23.93390118,20.22492769,0.58445668,8.449290663,119.2345122,15.1118,103.1858,9/1/2020,0.058997816,22.55479954,21.59871759
3122,36.4177298,3.930849181,119.0863988,1015.681606,1007.507783,1011.576462,98.26088426,90.61500502,78.78806032,36.14437644,32.99861048,20.19886738,40.69529588,23.94629461,20.19886738,0.598923262,8.272033405,116.3168985,15.3167,103.1273,9/1/2020,0.089809234,23.09486728,21.74135886
3123,35.86917142,3.964419414,120.2841054,1015.877723,1007.401983,1011.613666,98.2231695,91.18166999,79.49465795,36.22300757,32.82202728,19.94529632,29.02033013,23.18665199,19.94529632,0.586241416,10.00630619,151.9257032,14.5614,102.8989,9/1/2020,-0.117753026,20.72390622,21.93910962
3201,33.03513999,3.350430301,100.8317538,1015.505895,1007.670816,1011.58226,97.01776964,89.03137012,74.89893162,35.12271196,32.41915533,22.74861329,75.06750969,26.59423728,22.74861329,0.469275327,7.635559184,100.7276731,14.8655,103.4596,9/1/2020,0.070772199,21.90978283,21.29304797
3202,34.65216069,3.799105197,115.0510589,1015.532847,1007.53908,1011.530551,97.86545474,89.92434235,77.514831,35.27627479,32.20461641,21.01585872,55.70010715,25.13996369,21.01585872,0.542154154,8.08172744,113.2691405,15.3782,103.4054,9/1/2020,0.1608076,24.46125269,20.70252486
3203,28.13425281,3.170693987,95.50668266,1015.176761,1007.869307,1011.480339,97.22341848,88.01094833,72.75211174,33.23811256,30.50417186,22.66907832,81.29912271,27.41801408,22.66907832,0.679856811,6.60754181,112.8184851,15.3021,103.663,9/1/2020,-0.111500021,18.41462022,17.28695607
3204,33.70874968,3.648877967,110.4083123,1015.463823,1007.655488,1011.540757,97.36238514,89.42275824,76.60807011,34.94717131,31.82889665,21.57547921,62.26475894,25.80329088,21.57547921,0.577203038,8.320571013,118.8539414,15.1264,103.6016,9/1/2020,0.128402175,24.17807797,20.28348929
3205,35.22290416,3.727658756,112.8085765,1015.570292,1007.598682,1011.576358,97.23414412,89.83306091,77.81676126,35.60861655,32.50495648,21.23831616,55.86124929,25.2235077,21.23831616,0.564269419,9.305168426,120.4721952,14.6346,103.42,9/1/2020,0.11419419,24.23467765,21.86694828
3206,35.56594754,3.83328916,116.0502805,1015.563216,1007.570129,1011.56901,97.29154009,89.867237,78.03649512,35.37985861,32.24833349,21.25119284,57.15166276,25.27524298,21.25119284,0.625430368,10.22736328,122.0028989,14.4823,103.5694,9/1/2020,0.122989287,24.57376694,21.9003355
3207,32.39529988,3.724855573,112.560879,1015.342961,1007.628187,1011.499855,97.40479818,89.18285931,76.02355265,34.01292448,31.00119471,22.03121396,75.1570251,26.59323702,22.03121396,0.584557323,9.202534714,115.3559005,15.34,103.893,9/1/2020,0.113876145,23.31489658,19.61776036
3208,33.55495143,3.707353957,112.1381267,1015.404304,1007.669588,1011.535807,97.29020762,89.21755252,76.26747545,34.35565414,31.25716622,21.98430997,70.71980549,26.33758889,21.98430997,0.582853683,9.031915554,123.8845152,15.1425,103.7902,9/1/2020,0.094632337,23.51853765,20.18570685
3209,35.35175773,3.892258902,117.7483814,1015.471418,1007.630655,1011.573388,97.22052634,89.57766913,77.58900741,34.64139434,31.456472,21.83959666,68.32680899,26.01693152,21.83959666,0.513219312,9.320878733,132.7414429,15.0332,103.8174,9/1/2020,0.042887911,23.083757,21.18268706
3210,35.73405727,3.886870757,117.6652358,1015.544415,1007.576304,1011.569967,97.2595356,89.83799127,78.08248313,35.2414776,32.03996506,21.37617137,59.40523473,25.44721312,21.37617137,0.566575565,10.33588388,124.2564582,14.553,103.7487,9/1/2020,0.109771872,24.37824774,21.93303671
3211,35.6400593,3.816967562,115.3987091,1015.551204,1007.608952,1011.577903,97.20850622,89.90726811,78.15250207,35.47531363,32.34872341,21.20533626,56.65462033,25.19353432,21.20533626,0.565853093,9.52737761,125.5052937,14.7166,103.6952,9/1/2020,0.08900538,24.00883712,21.9147188
3212,37.19862393,4.109245834,123.8057978,1015.486357,1007.649314,1011.620747,97.05645268,89.55636817,78.28252497,34.32770013,30.83233782,22.39232761,74.8150434,26.48985226,22.39232761,0.552492477,9.05800573,153.1861234,15.0541,103.9391,9/1/2020,-0.271304741,18.22587019,20.2125645
3213,36.1848551,4.015160533,121.6147129,1015.524101,1007.548511,1011.565226,97.27589787,89.79843085,78.16718272,34.87513881,31.64579433,21.55935022,63.52621295,25.73072604,21.55935022,0.804249457,11.03856446,124.9526754,14.4038,103.9956,9/1/2020,0.099383312,24.33652102,22.14004511
3214,35.54458899,3.848614644,116.3504825,1015.606824,1007.533001,1011.568286,97.41371493,89.96846666,78.18006956,35.50687785,32.3167559,21.08001628,53.14125148,25.02677312,21.08001628,0.620019464,10.33637494,123.1551413,14.4179,103.3117,9/1/2020,0.128583861,24.72965526,21.9300316
3215,36.27689982,3.970730791,120.1380264,1015.513708,1007.608696,1011.586466,97.18819179,89.74003797,78.17848184,34.85653745,31.58717688,21.807055,65.72103258,25.83789308,21.807055,0.666459401,9.931514502,134.8383133,14.7897,103.8855,9/1/2020,0.028442052,23.03441215,21.86585659
3216,35.01206126,3.750896891,113.4887883,1015.532868,1007.634388,1011.572663,97.24144158,89.87919746,77.91156152,35.49668176,32.43763167,21.13496625,55.84154374,25.10699297,21.13496625,0.569618877,8.728806378,123.4996229,15.0122,103.625,9/1/2020,0.089079172,23.9011952,21.37468792
3217,34.60435807,3.879827431,117.3994669,1015.421195,1007.633267,1011.556632,97.26605291,89.3884219,77.25653703,34.2830144,31.08198392,22.11115055,72.9285176,26.40155287,22.11115055,0.586846988,9.376145298,129.9677748,15.1699,103.904,9/1/2020,0.044879608,22.86329667,20.69777211
3301,37.90699305,4.416200866,133.8954804,1015.425464,1007.595252,1011.598215,97.22460114,89.90495922,78.59401086,34.12360566,30.93010069,21.90760688,75.30009775,26.44207539,21.90760688,0.581613932,11.57006121,137.6749193,15.1236,104.447,9/1/2020,-0.044224182,22.30899106,22.36177456
3302,37.4995772,4.403398204,133.6085083,1015.410007,1007.5715,1011.582228,97.31393111,89.96687681,78.58678638,34.07376225,30.90284802,21.82213395,76.63550855,26.45793489,21.82213395,0.519274334,11.31683367,132.5599561,15.2348,104.4316,9/1/2020,-0.03395629,22.25647749,22.10516688
3303,39.52540051,4.613926214,139.9189623,1015.404319,1007.653966,1011.640006,97.10461741,89.95400875,78.8426647,34.02935867,30.93975923,21.9714606,75.98908532,26.53832243,21.9714606,0.596285662,12.13365263,146.9530893,15.0806,104.5686,9/1/2020,-0.102043367,22.00171556,22.94297613
3304,38.32547894,4.388066299,133.0406846,1015.448868,1007.567408,1011.587842,97.13608576,89.77937326,78.44180834,34.10822895,30.99472869,21.81218783,70.87471079,26.17532759,21.81218783,0.598056448,9.862286751,135.1460476,14.5877,104.7082,9/1/2020,0.001427143,23.57890882,23.1108766
3305,37.04410802,4.136935957,125.5164879,1015.489967,1007.594391,1011.593866,97.16753759,89.70636656,78.35328718,34.4654092,31.11313549,22.02621962,70.90288319,26.21149974,22.02621962,0.562497804,10.49797455,139.5255628,14.7488,104.1959,9/1/2020,-0.047787498,21.91635421,21.88671949
3306,37.32316845,4.220018514,127.9633049,1015.47327,1007.582537,1011.588408,97.18062611,89.75413782,78.3795877,34.35076056,31.07542591,21.94958183,71.65247928,26.22691792,21.94958183,0.573121102,10.85364382,137.7890694,14.7751,104.3423,9/1/2020,-0.027206304,22.4208731,22.19910706
3307,37.62940226,4.148108312,125.4599854,1015.500192,1007.644803,1011.629662,97.02862263,89.59908716,78.52165205,34.36967873,30.82779668,22.39994845,74.43278828,26.46861058,22.39994845,0.56414902,9.513194578,155.7028457,14.8776,104.0085,9/1/2020,-0.322162431,17.51918969,20.07749588
3308,37.13621755,4.198572026,127.2352386,1015.483097,1007.552302,1011.574093,97.22227166,89.78209113,78.32148272,34.43682026,31.23090356,21.76330477,68.72250642,26.05091059,21.76330477,0.752128251,11.00207252,130.0800345,14.5275,104.3981,9/1/2020,0.044431724,23.74536754,22.52293268
3309,34.84455274,4.137501154,125.4683124,1015.403936,1007.507014,1011.510714,97.56649261,89.90364617,78.01234801,34.09360939,30.84298217,21.75319596,77.14095543,26.45278432,21.75319596,0.588338036,10.58723211,116.4318915,15.3564,104.1862,9/1/2020,0.053720799,22.51816277,20.82178631
3310,37.03673677,4.163546651,125.8670467,1015.471467,1007.618907,1011.604367,97.14457519,89.64255074,78.38642023,34.26062832,30.8034404,22.30946766,75.37814786,26.50056297,22.30946766,0.600836261,9.797855701,146.4913105,15.1349,104.1582,9/1/2020,-0.185198738,19.49520952,20.81547607
3311,34.93328693,4.015302501,121.6253789,1015.418557,1007.553066,1011.528053,97.42023442,89.6468948,77.56783586,34.20597978,30.96232782,21.90677014,74.9673616,26.43230993,21.90677014,0.587955997,10.31681096,123.2764635,15.3037,104.0599,9/1/2020,0.05154124,22.80115116,20.90692687
3313,40.00785869,4.607238587,139.697061,1015.403367,1007.65128,1011.633508,97.01484533,89.83169264,78.71812983,33.88763653,30.85281126,21.98315079,74.7369396,26.43459596,21.98315079,0.574779957,12.24434011,149.509825,14.901,104.6848,9/1/2020,-0.10586697,22.27439677,23.34055286
3314,37.92937564,4.317295321,131.0583533,1015.451665,1007.584315,1011.591798,97.16640227,89.79003291,78.45301553,34.21182732,31.02738458,21.89518183,72.24212677,26.25473782,21.89518183,0.583678224,11.19839804,137.5950595,14.7956,104.4828,9/1/2020,-0.017430837,22.92206102,22.65381968
3315,38.39149177,4.403297972,133.4707996,1015.433808,1007.604479,1011.603969,97.14954967,89.83291575,78.55905328,34.1249072,30.95586239,21.93548337,73.8812273,26.36919176,21.93548337,0.608231872,11.83266687,140.7685819,14.9386,104.5035,9/1/2020,-0.045627905,22.57676194,22.7288697
3316,37.62432109,4.189677227,126.8422358,1015.485829,1007.628443,1011.621421,97.06947278,89.63144526,78.52127768,34.27961958,30.78189269,22.3485267,75.26020177,26.50372016,22.3485267,0.534762941,9.396208556,152.4663176,14.9724,104.2109,9/1/2020,-0.267164474,18.34579426,20.54167611
3317,36.5111354,4.06494611,123.1133463,1015.506172,1007.564328,1011.573527,97.23988296,89.76682073,78.21471936,34.69082726,31.44414766,21.72244966,66.57738205,25.91449287,21.72244966,0.544847689,10.85696992,129.6904312,14.5464,104.1019,9/1/2020,0.058036792,23.685686,22.15915078
3318,36.37134492,4.088628161,123.8180624,1015.460059,1007.621265,1011.593426,97.18943597,89.57576319,78.07067547,34.2765725,30.85868371,22.26659952,74.75473783,26.48549217,22.26659952,0.577372935,9.463194792,141.6343257,15.1693,104.0422,9/1/2020,-0.109413843,20.60810874,20.94016021
3319,39.45173207,4.518172596,138.0242702,1015.416616,1007.613761,1011.612631,97.04677856,89.78856276,78.57359473,33.91978918,30.87255034,21.91589042,73.48543794,26.32361538,21.91589042,0.602349452,11.25742369,144.8351196,14.7956,104.7111,9/1/2020,-0.068614005,22.76526533,23.32504335
3320,37.56385563,4.260759776,129.0932728,1015.460272,1007.592216,1011.594648,97.17407436,89.76107926,78.44598686,34.26186225,30.97877688,21.99810289,73.08213706,26.32993782,21.99810289,0.560841965,10.97109709,139.5709676,14.9098,104.3774,9/1/2020,-0.046770364,22.14347847,22.2125146
3321,35.61533722,4.038943546,122.3286921,1015.438603,1007.590379,1011.553559,97.31014429,89.61417238,77.81946441,34.24943201,30.94974576,22.08199292,74.59517148,26.4327504,22.08199292,0.576936104,10.08278953,131.5380576,15.2359,104.066,9/1/2020,-0.007771984,22.07257282,21.07920005
3322,33.39637671,4.107923362,124.6565056,1015.366243,1007.434316,1011.462546,97.82331691,90.03428649,77.91150785,33.92821395,30.67811493,21.56477137,80.22671765,26.55357353,21.56477137,0.587042444,10.67233439,103.936727,15.481,104.1252,9/1/2020,0.087068431,22.15286117,19.9366687
3401,44.17019598,5.102893311,155.1209159,1015.35808,1007.898746,1011.787471,96.86777638,90.35569358,80.00357157,34.34272834,31.33325772,22.33077687,80.85909228,27.07672528,22.33077687,0.615568084,11.92481117,180.3038743,15.3355,104.8023,9/1/2020,-0.467786708,17.20085355,21.80208936
3402,39.79743974,4.698214815,142.6826961,1015.385221,1007.547671,1011.585203,96.96355443,89.65513393,78.49802779,33.27451639,30.29542998,21.77827382,73.92978935,26.20727413,21.77827382,0.562028246,13.59964297,138.9879856,15.5477,105.3219,9/1/2020,-0.110923589,22.34747732,23.51922718
3403,39.84511279,4.673308492,141.5700109,1015.395135,1007.535188,1011.582795,96.94654464,89.61400975,78.42827597,33.2894052,30.31621142,21.79830898,72.78268382,26.1746181,21.79830898,0.697227463,13.98779314,138.6931507,15.4485,105.4723,9/1/2020,-0.095408234,22.70849703,23.71381495
3404,37.61469565,4.492691709,136.3692123,1015.390988,1007.559191,1011.579031,97.35958273,90.12058993,78.78623176,34.00117856,30.85239945,21.68927948,78.42544503,26.51530889,21.68927948,0.5040591,11.85893173,130.8726376,15.3437,104.4973,9/1/2020,-0.054627642,21.86394298,21.97900992
3405,35.91684718,4.481282316,136.2491007,1015.447874,1007.334255,1011.492489,97.46300421,90.19682889,78.981921,33.85471729,30.63817394,21.17451147,70.91571591,25.93913891,21.17451147,0.621423698,14.92207562,106.7149738,16.0127,105.1307,9/1/2023,0.034967862,22.62405621,21.92023748
3407,41.13559708,4.726426052,143.2718151,1015.373115,1007.627251,1011.624661,96.80417852,89.52842003,78.40722904,33.28149375,30.37921055,21.98597989,74.1717285,26.30873037,21.98597989,0.581256575,11.76432486,156.0289165,14.839,105.1021,9/1/2020,-0.16475113,21.99772047,23.84692306
3408,39.12331311,4.511313099,136.8444455,1015.432611,1007.548822,1011.586383,97.04305425,89.70043142,78.41874774,33.78577959,30.74454362,21.80523609,71.00090667,26.15916396,21.80523609,0.643823491,12.31668036,136.6249948,14.5583,105.2281,9/1/2020,-0.02585439,23.57775474,23.61007537
3409,38.54447356,4.436594852,134.5579515,1015.449448,1007.539257,1011.580471,97.10919557,89.74627267,78.41509216,33.98044777,30.8928976,21.76582985,70.14453027,26.12539565,21.76582985,0.726505239,12.11134272,132.782898,14.4414,105.0625,9/1/2020,0.006517733,23.85560847,23.39048118
3410,39.5492354,4.565451255,138.5093174,1015.419882,1007.554505,1011.588142,96.98709044,89.65257546,78.39786135,33.60966427,30.61098751,21.83721855,71.49464747,26.16820214,21.83721855,0.756482426,12.70052615,139.2025561,14.7048,105.3933,9/1/2020,-0.05162724,23.3501505,23.76374848
3411,39.69100997,4.720244852,143.4020246,1015.369146,1007.559326,1011.591413,97.01378774,89.84744182,78.76968001,33.3423586,30.39951319,21.66672745,76.59713285,26.29774882,21.66672745,0.600474726,12.00972159,140.5119147,15.6048,105.0936,9/1/2020,-0.141206451,21.60594977,23.07237046
3412,36.08564341,4.553837153,138.4199547,1015.412282,1007.414402,1011.524925,97.46933487,90.33062708,79.19493536,33.84188972,30.67174881,21.11636461,76.96461371,26.14990572,21.11636461,0.626784971,12.92800007,107.3115594,15.8292,105.0499,9/1/2023,-0.017360777,21.74970697,21.51301206
3414,37.88416022,4.658591774,141.5754447,1015.370825,1007.562152,1011.587324,97.35202006,90.35995915,79.28932291,33.88039631,30.78486716,21.42613542,81.35274324,26.49547169,21.42613542,0.715481438,12.497127,129.3625267,15.5365,104.7263,9/1/2020,-0.115637745,20.81354368,21.71562947
3415,44.51848004,5.127594106,155.629339,1015.340975,1007.888965,1011.784116,96.7173502,90.14090634,79.71295636,33.88061377,31.09713984,22.37026212,79.86367498,27.0064183,22.37026212,0.63052747,11.63145053,184.3349055,15.1411,104.8663,9/1/2020,-0.463104174,17.57523541,22.31843683
3419,43.49014239,4.927883877,149.4469665,1015.29416,1007.669994,1011.624229,96.36661102,88.90056422,77.76550078,32.1267999,29.4488154,22.19662999,75.55657479,26.19196224,22.19662999,0.505342751,13.44374469,178.6534032,15.1186,105.1754,9/1/2020,-0.403882462,19.19532155,23.27680638
3420,42.69755238,4.900550058,148.7358782,1015.311687,1007.654889,1011.621904,96.51713416,89.09367945,78.00408728,32.4288264,29.64336461,22.10775501,75.85439132,26.23030652,22.10775501,0.580989223,13.58821792,170.2288746,15.3902,105.1778,9/1/2020,-0.334101686,19.93379436,23.4279558
3421,37.97047375,4.570837887,138.8694239,1015.424689,1007.445073,1011.544931,97.21182632,89.93895831,78.71580522,33.63501277,30.55505224,21.52235541,72.33258269,26.1005498,21.52235541,0.694989315,14.1117824,118.003516,15.7559,105.3347,9/1/2020,-0.016160463,23.00689196,22.98933088
3422,41.97840662,4.833337898,147.0574344,1015.365781,1007.726213,1011.679558,96.83351627,89.8102561,78.88799135,33.62601039,30.71777738,22.12722927,76.6783336,26.5867264,22.12722927,0.574636054,12.14668978,164.3426517,14.9843,104.8133,9/1/2020,-0.230663126,20.84895841,23.46347117
3424,44.33766618,5.001471235,151.7642947,1015.277871,1007.710698,1011.646095,96.30294466,88.94266759,77.9843819,32.10040628,29.46870689,22.24311811,76.913139,26.2830934,22.24311811,0.600641017,12.60176162,186.505387,15.362,105.0236,9/1/2020,-0.494774843,17.91773443,22.76083541
3425,41.20767691,4.733717601,143.6495879,1015.363454,1007.595371,1011.602607,96.74450309,89.41883354,78.2431272,32.97456342,30.15156248,21.95705797,73.7352478,26.20639715,21.95705797,0.544851589,13.64883027,154.5892171,15.1264,105.4138,9/1/2020,-0.180254357,21.90913932,23.90803532
3426,39.86954895,4.593143271,139.2936924,1015.408297,1007.609421,1011.61295,96.98001593,89.69727301,78.50729237,33.72389195,30.7002814,21.91771423,73.05287344,26.28919984,21.91771423,0.607596883,11.67357644,146.0460125,14.7312,104.919,9/1/2020,-0.081133821,22.83626684,23.60600431
3429,43.75280171,4.964235236,150.5466287,1015.299272,1007.712351,1011.652679,96.41063014,89.09347545,78.10002007,32.39717758,29.7139798,22.23601587,76.37926409,26.33296064,22.23601587,0.558331324,12.41210293,180.8903373,15.0649,105.0273,9/1/2020,-0.409877058,19.00670976,23.23010291
3430,36.81715752,4.506535875,136.9653312,1015.45019,1007.368796,1011.514065,97.35239224,90.06785867,78.81341351,33.7949312,30.62691742,21.35772223,70.29498693,25.99036344,21.35772223,0.528159221,14.81646602,102.7031919,15.9428,105.2815,9/1/2020,0.03482183,23.21211924,22.58274202
3431,42.71841169,4.949810264,150.4107134,1015.337271,1007.735065,1011.689135,96.76940726,89.85046816,79.06269295,33.41320443,30.57379239,22.0698847,78.78912039,26.6429534,22.0698847,0.530915467,12.06700539,169.5536958,15.4379,104.9047,9/1/2020,-0.325163018,19.47492795,22.9938023
3432,45.33861046,5.018092705,152.0671193,1015.21597,1007.653495,1011.591691,95.86933696,88.1216073,76.82078504,30.67339311,28.41247952,22.32328361,75.13111462,25.9172258,22.32328361,0.61197375,12.971271,198.7333233,15.226,105.0654,9/1/2020,-0.726854674,15.36740966,21.38977825
3433,38.9210878,4.466218615,135.8264067,1015.434724,1007.568243,1011.591553,97.07556563,89.74482207,78.4499679,33.93097121,30.87061424,21.82229571,71.40198554,26.18739617,21.82229571,0.767766628,11.42254386,137.9237203,14.576,104.8985,9/1/2020,-0.02297208,23.46347632,23.40105322
3501,27.67563309,4.202234658,128.0871763,1015.195689,1007.292327,1011.348532,98.85468954,90.89540694,78.36576329,32.70657929,29.23159194,21.18148433,99.59228476,27.27065231,21.18148433,0.599807882,12.55840316,85.29318158,15.8642,104.1563,8/1/2019,-0.042884153,15.80134985,15.43958435
3502,31.36892014,4.218285215,128.3799403,1015.307439,1007.269558,1011.374115,98.35334443,90.57472596,78.47320121,33.52964145,30.11848612,21.22503118,88.03898886,26.80368913,21.22503118,0.602350632,13.56213309,97.90559788,15.9858,104.19,8/1/2019,0.034000225,19.65231422,18.38405842
3503,30.69821593,4.366364097,132.8263636,1015.323823,1007.306419,1011.425147,98.30210929,91.01370627,79.40906569,33.71825941,30.45187312,20.62179496,91.01879912,26.52454945,20.62179496,0.579748865,11.76350062,104.5056185,15.954,104.3824,9/1/2023,-0.021889156,18.30563752,17.51378171
3504,30.39454094,4.258591286,129.6096926,1015.280812,1007.340472,1011.407691,98.38407356,90.72303031,78.60703668,33.31464197,29.91155452,21.13252011,91.98683681,26.88973906,21.13252011,0.557705008,11.7502028,85.25756868,15.6572,104.3278,8/1/2019,0.000288218,18.33726164,17.39082485
3505,29.46401382,4.298866986,130.8398193,1015.271727,1007.316568,1011.399015,98.50516003,90.96153741,78.93150119,33.32735657,29.90569539,20.88308505,95.13642444,26.8715161,20.88308505,0.566793489,10.67574034,93.08529905,15.8186,104.3706,9/1/2023,-0.031869744,17.23321414,16.60584768
3506,33.3822693,4.238687864,128.7624533,1015.355139,1007.41669,1011.46742,97.89534769,90.29015256,78.39777101,33.79526868,30.51089896,21.40844987,82.93977288,26.59701792,21.40844987,0.510799281,11.39253046,101.9659494,15.4997,104.2847,9/1/2020,0.043108968,21.15348862,19.68745336
3507,35.3202721,4.296144468,130.3881166,1015.393732,1007.489264,1011.522902,97.58625971,90.09929526,78.45281904,34.00622916,30.77282628,21.59546401,78.69152407,26.47613078,21.59546401,0.577169177,11.30999869,116.1755551,15.3828,104.3432,9/1/2020,0.025073671,22.11519821,20.97010489
3508,33.65044467,4.376285329,133.1732756,1015.424234,1007.222907,1011.428904,97.79667221,90.44747808,79.11306762,33.92068583,30.60285324,20.90558831,74.39207092,25.93590073,20.90558831,0.552659148,15.58215016,114.7451336,16.2028,104.519,9/1/2023,0.012881946,20.87609484,20.09213935
3509,32.03213855,4.384943417,133.4002844,1015.379704,1007.284164,1011.435433,98.064703,90.86153037,79.57683091,34.01494652,30.67690266,20.56080306,85.25747257,26.26405614,20.56080306,0.674652696,13.87827609,115.2389486,16.0804,104.4382,9/1/2023,-0.016913195,19.33913099,18.5436952
3601,34.02592773,3.426044092,104.2014468,1015.572125,1007.30151,1011.408964,95.06031165,85.01553969,72.28122048,35.90148717,32.24569763,22.74171195,82.28162762,27.75591162,22.74171195,0.588519449,13.60979558,130.1406683,15.8847,102.0353,9/1/2019,-0.187539973,17.38451444,19.25078777
3602,34.32085916,3.523881856,107.1399652,1015.585822,1007.314183,1011.432003,95.52037981,86.03259386,73.47261119,35.73334649,32.15086393,22.48758849,76.97955034,27.28722223,22.48758849,0.55474077,13.44067099,119.3333418,15.8144,101.842,9/1/2019,-0.048338854,20.06324872,20.3069042
3603,34.82174779,3.606601522,110.332465,1015.607988,1007.300051,1011.443751,96.08709632,86.89890325,74.97599779,35.50778706,32.01717985,22.24674618,74.33398278,27.08028579,22.24674618,0.569002334,13.70527171,109.6680889,15.9112,102.2594,9/1/2019,0.05511442,22.18362552,21.12074426
3604,35.14853217,3.759443406,114.0144234,1015.654549,1007.25164,1011.460152,96.616972,88.27486945,76.54736475,35.15396086,31.69170096,22.00890616,69.45863274,26.65212551,22.00890616,0.661222165,17.68518411,95.21211785,16.2391,101.9224,9/1/2019,0.169620483,24.54103418,22.03805637
3605,35.1559198,3.804204447,115.2327348,1015.661908,1007.265053,1011.47065,96.68567845,88.56408372,76.86133869,35.08894509,31.65330776,21.90861363,65.7481662,26.38702584,21.90861363,0.757720349,17.91775328,89.97976738,16.2115,101.62,9/1/2019,0.205425425,25.26186444,22.32739503
3606,34.48057511,3.591506965,108.7857619,1015.586134,1007.364063,1011.462769,95.90757538,86.93543484,75.14625183,35.66877757,32.18427277,22.0606507,69.93397732,26.66235021,22.0606507,0.524392285,11.54840621,109.4119175,15.5919,101.8479,9/1/2019,0.04440138,21.9546721,20.93044146
3607,34.64532209,3.67853994,111.5238328,1015.587465,1007.431651,1011.502365,96.41250098,88.1184499,77.06417897,35.55997508,32.18089944,21.63499892,61.45651274,26.00340815,21.63499892,0.688174982,11.3849223,103.3647232,15.4748,101.6254,9/1/2020,0.142253117,23.99176647,21.72117087
3608,34.77086629,3.667926468,111.3358967,1015.611701,1007.325903,1011.463604,96.22669258,87.47812783,75.70819325,35.44290376,31.98536786,22.04615089,68.89621668,26.65774721,22.04615089,0.691772183,14.21952563,101.6979233,15.8554,101.643,9/1/2019,0.110188184,23.34419575,21.46106307
3609,34.8557318,3.727355773,112.9271606,1015.609838,1007.374872,1011.492911,96.5074038,88.28444343,76.84422592,35.38828391,31.99988724,21.7894892,64.02271915,26.19710881,21.7894892,0.767042352,13.29989635,96.98892226,15.6915,101.4556,9/1/2020,0.170216681,24.5404185,21.95450027
3610,35.50713687,3.802283369,115.2598911,1015.684891,1007.220796,1011.464407,96.98132096,88.85728101,77.19334018,34.97765722,31.53446209,21.9903702,70.5096166,26.70973619,21.9903702,0.586539404,18.58975458,91.00840629,16.3513,102.153,9/1/2019,0.188978794,25.01483783,22.4151495
3611,36.02412788,3.791494898,114.8954642,1015.720745,1007.215927,1011.483417,97.17689725,88.97777523,77.43656897,34.93314989,31.48141944,22.06747476,73.95334904,26.98596115,22.06747476,0.66594056,18.47764236,98.07369146,16.378,102.3749,8/1/2019,0.133995331,24.14072096,22.37348296
3612,35.30797989,3.722531437,112.885979,1015.647504,1007.265921,1011.461361,96.63091972,88.08945799,76.27517896,35.23039869,31.76271,22.10005405,72.09339261,26.85164294,22.10005405,0.623787558,15.88433927,99.56856203,16.1204,102.2314,9/1/2019,0.137428657,23.90496257,21.88647134
3613,35.37076451,3.905877874,118.4647127,1015.732992,1007.168657,1011.467027,96.99822251,89.34952692,77.89244993,34.69799291,31.28970561,21.80047024,61.38721122,26.16062156,21.80047024,0.79191488,21.90774686,83.39277257,16.5873,101.703,8/1/2019,0.254962707,26.51370636,22.98229896
3614,35.06888297,3.784588755,114.7461343,1015.641223,1007.312953,1011.482463,96.6413956,88.49516016,76.93897904,35.19282013,31.79417823,21.8401181,64.46014961,26.27271102,21.8401181,0.789341309,15.98996364,90.08670053,15.9901,101.4146,9/1/2019,0.201898517,25.17184875,22.26843558
3615,34.44430689,3.572250538,108.5410544,1015.582684,1007.358848,1011.45728,95.86117451,86.7279404,74.80903306,35.70632088,32.20754542,22.11906982,69.99358309,26.7430964,22.11906982,0.494674688,10.85117496,111.0527132,15.5626,101.9972,9/1/2019,0.031768212,21.68222311,20.8317138
3616,34.67169399,3.665926727,111.2226217,1015.595416,1007.382521,1011.483624,96.24661481,87.74510696,76.28043854,35.53965119,32.11307008,21.84843393,65.92384717,26.31832975,21.84843393,0.592295555,12.24250591,100.0687995,15.6095,101.6547,9/1/2019,0.116273388,23.43813034,21.4809074
3701,28.22243368,4.654475955,141.635217,1015.342753,1007.349985,1011.482036,98.4068881,92.35707516,81.87428352,34.69188321,31.27423867,18.85300873,105.952915,26.21115548,18.85300873,0.575201042,11.80570574,167.3220544,15.8969,104.5998,9/1/2023,-0.238109992,13.42842796,14.7162506
3702,34.79374667,4.443786057,135.2100914,1015.441617,1007.259279,1011.453459,97.58276781,90.28561534,79.11473796,33.86633362,30.57916267,20.9527638,70.27745885,25.79485046,20.9527638,0.675616927,15.54666089,115.7145216,16.1307,104.9341,9/1/2023,0.011963769,21.52660216,20.98475269
3703,32.98918867,4.531384917,137.6717869,1015.393295,1007.351496,1011.487815,97.85340455,91.02928131,79.93876769,34.14239531,30.86645525,20.41361229,85.59579336,26.139716,20.41361229,0.56453455,13.38820371,126.2002016,15.9188,104.8751,9/1/2023,-0.063246393,19.10996964,18.89683601
3704,36.16338524,4.627451124,140.6539885,1015.376724,1007.493127,1011.557332,97.50887655,90.48793182,79.45281597,33.8945319,30.74394223,21.0886676,82.83610961,26.36675954,21.0886676,0.589576985,11.3341505,113.6286655,15.6483,104.8276,9/1/2020,-0.081311335,20.54357439,20.90959309
3705,31.54474573,4.527067521,137.8107291,1015.387107,1007.310064,1011.465644,98.02496626,91.38288637,80.47546298,34.23745246,30.93743323,19.91191157,88.16765685,26.11319003,19.91191157,0.598769194,14.21014751,135.7434855,16.0651,104.6807,9/1/2023,-0.090225986,17.83527819,17.75814627
3706,31.91115847,4.444813326,135.1284349,1015.347727,1007.376621,1011.469971,98.07194145,91.03865338,79.81493732,33.97865958,30.66236707,20.45349121,90.50397799,26.46011761,20.45349121,0.544398211,11.78314218,113.6882018,15.7001,104.5221,9/1/2023,-0.054467641,18.54621218,18.06390543
3707,32.47895811,4.559652394,138.6385569,1015.36842,1007.400169,1011.504686,97.9421071,91.14530764,80.20682703,34.19985359,30.89892236,20.26598175,90.86452159,26.30011682,20.26598175,0.562101659,12.26377283,128.2910649,15.7297,104.7175,9/1/2023,-0.098707099,18.1710918,18.20230501
3801,45.69399119,8.197159967,248.3366864,1016.593551,1007.114992,1011.785332,98.79986115,92.99368478,78.24920303,35.24792867,31.4609011,19.47937569,30.34412414,23.03822105,19.47937569,0.744995436,69.09785804,120.6805346,18.2921,103.6361,10/1/2023,0.161066636,29.30987954,26.97925063
3802,40.56690078,6.248079135,189.1402855,1016.203446,1007.131203,1011.663445,98.16134776,91.86411285,78.81663011,34.64805173,31.11254708,20.62522129,39.1934926,24.29943859,20.62522129,0.61559028,102.6022404,85.99494696,18.0726,103.6581,10/1/2023,0.265524256,29.37648117,25.58456977
3803,41.59038642,6.750492609,204.0085942,1016.314118,1007.121563,1011.694395,98.38370354,92.33010847,78.95110317,34.81362803,31.21818513,20.41251505,36.76310284,23.95165074,20.41251505,0.748678374,61.82739993,96.14760748,18.1209,103.4385,10/1/2023,0.26999994,29.71735815,25.89558868
3804,38.52874111,5.325511894,161.542214,1016.005339,1007.147843,1011.610277,97.76566938,91.07555407,78.89373238,34.32382591,30.90019927,21.20973692,42.35136204,24.90210541,21.20973692,0.619965467,124.2968517,84.54344242,17.9847,103.9128,9/1/2023,0.227836899,28.23212547,25.01014086
3805,43.93240566,7.512597928,227.0491905,1016.484829,1007.114713,1011.742135,98.65516413,92.76413982,78.57167077,35.07923765,31.35506329,19.76699046,32.8138524,23.45838162,19.76699046,0.770643331,52.33114972,111.1782667,18.2702,103.3463,10/1/2023,0.214102623,29.61947089,26.52154361
3806,38.14564455,5.108488816,155.0682922,1015.93871,1007.156146,1011.595699,97.59836608,90.8009707,78.87506649,34.24234097,30.84624319,21.3723717,42.47850637,25.03910747,21.3723717,0.660724398,82.23652391,85.53895673,17.9847,104.0753,9/1/2023,0.206633071,27.83450026,25.13838693
3807,41.25167984,6.35295169,192.5368665,1016.232782,1007.134245,1011.669004,98.18757382,91.82573309,78.69890024,34.71610144,31.13014424,20.53871877,38.26165753,24.24092859,20.53871877,0.52664167,95.1224383,88.79630302,18.156,103.7986,10/1/2023,0.264283594,29.61434496,25.9910081
3808,40.31072315,6.035149397,183.1401036,1016.127591,1007.144578,1011.645843,97.98427794,91.52045691,78.71295646,34.59699619,31.08147836,20.77586329,40.16172335,24.45802307,20.77586329,0.619900664,71.71219637,85.21500812,18.2614,103.9787,9/1/2023,0.259431081,29.27383262,25.75457164
3901,31.11016144,3.475250768,105.1203032,1015.334524,1006.422265,1010.872389,98.4603825,91.09512611,79.09897207,35.33408394,31.65134472,21.62359336,113.2834782,28.57731032,21.62359336,0.602628574,17.31889862,109.8180969,17.1509,102.4196,8/1/2020,-0.054929272,20.55773818,21.01646295
3902,32.57095622,3.687521501,111.6209866,1015.531474,1006.6975,1011.121856,97.9613545,90.70770902,78.967615,34.89326409,31.2795123,21.68001486,89.81716856,27.39491208,21.68001486,0.675269773,24.52630934,102.0122237,17.2559,102.2257,8/1/2020,0.115466256,23.98813348,22.04906881
3903,34.06393438,3.774900109,114.08762,1015.654385,1006.970578,1011.343923,97.60166227,89.98067791,78.27451187,34.68297879,31.20627828,21.86575927,79.17136381,27.04660109,21.86575927,0.630378941,19.73036283,86.25989178,16.9062,102.5332,8/1/2020,0.238313216,25.65617862,22.68747005
3904,33.53923004,3.753938154,113.7072653,1015.625121,1006.825329,1011.217956,97.67093783,90.440727,78.74515514,34.71072325,31.20725815,21.72199789,78.80472188,27.05975872,21.72199789,0.650563654,23.83987406,95.62882092,17.0679,102.2021,8/1/2020,0.21379142,25.6859615,22.62655414
3905,34.32134178,3.940982811,119.3906285,1015.786152,1006.934301,1011.381209,97.40966925,90.49823953,79.12805189,34.36767554,30.88604111,21.73407704,59.67963228,26.07326999,21.73407704,0.692709101,28.15489358,94.56193995,17.5264,102.1907,8/1/2020,0.237607332,26.60516792,23.06321344
3906,35.14679848,4.006991099,121.3989934,1015.842276,1006.937284,1011.420701,97.10479579,90.13999538,78.89608207,34.2517406,30.74162315,21.68249969,53.56869304,25.73589608,21.68249969,0.609371659,28.33161303,98.47273071,17.3661,102.0704,8/1/2020,0.206493793,26.60190163,23.39149901
4001,37.65633574,3.698889189,112.0030889,1015.873511,1007.266933,1011.562847,97.00130043,88.37916365,76.84188827,34.91816582,31.44710962,22.42630173,94.92945389,27.8370277,22.42630173,0.397293302,19.06599592,130.4636169,16.4254,102.8587,9/1/2022,-0.11049513,19.66185498,20.88135467
4002,37.0115761,3.737282125,113.2096957,1015.812607,1007.239108,1011.54317,97.12795909,88.56957731,77.05706238,34.89578654,31.39947594,22.25875431,86.55429162,27.7664562,22.25875431,0.674485603,19.22701666,114.0329974,16.4824,102.5965,9/1/2019,-0.005857569,21.62906692,21.59631014
4003,36.76419932,3.727429727,112.8720977,1015.815646,1007.249072,1011.521945,97.43677287,88.7675208,77.54759806,35.06794987,31.53773287,22.39472948,64.22564149,27.06559832,22.39472948,0.615283267,17.70133613,132.0505781,16.312,102.6795,8/1/2019,-0.079785417,20.72299291,21.75866776
4004,36.34575436,3.779667734,114.5135749,1015.757042,1007.206338,1011.499452,97.21700565,88.95775063,77.43569014,34.87382299,31.40710291,22.12467117,78.84501083,27.27587814,22.12467117,0.60547492,19.46484838,100.0910757,16.4963,102.4718,9/1/2019,0.093596004,23.42776544,22.19656639
4005,35.32908764,3.849711421,116.6722002,1015.708792,1007.150515,1011.447558,97.16343387,89.35392096,77.8130837,34.76939108,31.34805424,21.89080182,68.50476587,26.58684625,21.89080182,0.621980393,20.98814707,87.169689,16.5829,102.0962,8/1/2019,0.230897495,25.91186061,22.74028927
4006,34.96403038,3.86253033,117.0516954,1015.711345,1007.072646,1011.412457,97.29878153,89.71093839,78.18591527,34.65861186,31.21665669,21.83016634,68.92977328,26.54853785,21.83016634,0.660907841,22.71438037,84.07798556,16.7664,102.1268,8/1/2019,0.248177899,26.28602676,22.83557874
4007,36.3579264,3.790321539,115.0878088,1015.754434,1007.192389,1011.508045,97.27799043,89.07375083,77.52746569,34.72814787,31.29902809,22.13204531,83.1232858,27.51653232,22.13204531,0.5817739,21.37173714,102.7255624,16.7074,102.874,9/1/2019,0.095859007,23.42628677,22.16724951
4008,35.33298171,3.803052573,115.2190315,1015.725081,1007.115802,1011.453055,97.38612046,89.46748928,77.83712533,34.65942922,31.23074293,22.00862816,77.97440589,27.15326853,22.00862816,0.61060358,20.61047642,88.19305065,16.8014,102.6773,9/1/2023,0.188241287,24.90600668,22.57367252
4009,35.92044228,3.8785963,117.5485122,1015.702142,1007.164343,1011.471423,97.44420945,89.69568462,78.08215189,34.59085753,31.21055537,22.0143419,75.32182646,26.92983438,22.0143419,0.657351275,22.79457563,95.73596473,16.7692,103.05,8/1/2019,0.158068302,24.7184388,22.63456744
4010,36.23282318,3.779828337,114.5038522,1015.676799,1007.221722,1011.462983,97.46854365,89.36042559,77.91699628,35.02599176,31.58900231,22.11428784,72.23197491,26.93884807,22.11428784,0.568914679,15.09467226,116.2405821,16.0673,102.7647,8/1/2019,0.072101174,23.16836503,22.34545848
4011,36.00805071,3.824232084,115.9470272,1015.602133,1007.239296,1011.449804,97.46966144,89.55136766,78.01492923,35.03984372,31.66950258,21.86816601,73.67712177,26.70127562,21.86816601,0.550228516,13.08514655,103.1182838,15.8969,102.8565,8/1/2019,0.152624695,24.52728306,22.43875323
4012,35.66025625,3.799607994,115.1735239,1015.620523,1007.2938,1011.471327,97.11569872,89.02379055,77.42348038,35.18110426,31.79028588,21.81981664,68.80153848,26.45622021,21.81981664,0.509939576,12.50079187,93.79662453,15.8159,102.5944,8/1/2019,0.175816393,24.76528648,22.30860969
4013,35.4823348,3.755246592,113.8537336,1015.633059,1007.284161,1011.468118,96.84178836,88.53366716,76.83155159,35.23144977,31.78842173,21.97614282,70.52012499,26.66762548,21.97614282,0.564629234,13.56024886,96.43053743,15.9201,102.4463,9/1/2019,0.152152194,24.23194078,22.06669241
4014,35.2880588,3.725658941,112.9926255,1015.616424,1007.310347,1011.465976,96.69012057,88.18196369,76.5506385,35.32457469,31.89822421,21.92412183,69.77035204,26.61160966,21.92412183,0.571572249,12.57620033,98.33176049,15.8144,102.4217,9/1/2019,0.145055153,24.04236658,21.86991246
4015,35.82304028,3.839521124,116.3672627,1015.596442,1007.297262,1011.467181,97.39074527,89.44672046,77.84377525,35.13404643,31.79761645,21.68969171,68.55044782,26.30931917,21.68969171,0.593040289,11.7476915,94.64632435,15.7632,102.7847,8/1/2019,0.190011299,25.12807991,22.43778398
4016,35.59854753,3.800135722,115.1332611,1015.726672,1007.131936,1011.454966,97.33162951,89.34686723,77.76852248,34.74828725,31.3041572,22.01343555,78.07949269,27.1451446,22.01343555,0.638298214,20.64942738,90.13826894,16.7027,102.5007,9/1/2019,0.174987114,24.76665941,22.52526679
4017,36.24664412,3.768769471,114.1840414,1015.724666,1007.239074,1011.492313,97.26173436,88.9501826,77.49122647,35.01056121,31.54742054,22.15384657,71.75680309,26.9980689,22.15384657,0.612809396,16.68355586,108.5515299,16.2111,102.533,8/1/2019,0.083788721,23.33867343,22.29585673
4018,35.92989587,3.78286066,114.6434086,1015.669183,1007.25543,1011.473128,97.18471899,88.98720666,77.43393968,35.080179,31.65694153,22.01888009,70.93890327,26.76662762,22.01888009,0.603012808,14.53624821,102.7100585,16.0267,102.5505,8/1/2019,0.132389261,24.09777738,22.34612961
4019,34.53599144,3.823142618,115.859661,1015.722844,1007.060285,1011.428519,97.4583556,89.88204154,78.12944104,34.46752817,31.04799106,21.91588179,72.35761814,26.75517125,21.91588179,0.487396846,20.24092378,84.09714087,16.9318,102.7788,8/1/2019,0.229587497,25.47068094,22.72267496
4020,35.2812215,3.912312038,118.6826635,1015.750062,1007.115555,1011.449154,97.09964615,89.59696245,78.15962779,34.58376323,31.16883068,21.78882941,61.58270273,26.20198213,21.78882941,0.748974155,23.15322203,83.46126589,16.7271,101.8734,8/1/2020,0.254192074,26.61680388,23.03430481
4021,36.45019426,3.815562448,115.5713704,1015.675715,1007.179991,1011.468097,97.44789124,89.52794173,77.99107831,34.77747033,31.36442207,22.1116176,83.09943468,27.36769797,22.1116176,0.656625339,21.04529898,103.2055738,16.5726,103.0695,8/1/2019,0.105214075,23.67402233,22.43054069
4022,35.59063295,3.756936737,113.8917057,1015.653455,1007.265969,1011.470088,96.88802123,88.571127,76.89480354,35.17112738,31.71538938,22.03872033,71.32740271,26.78078678,22.03872033,0.50062494,14.83874196,96.22247584,16.0438,102.4087,9/1/2019,0.146815302,24.17449294,22.13652821
4023,34.81036586,3.814709334,115.5828215,1015.68887,1007.033707,1011.382234,97.42629139,89.79050554,78.1871287,34.71032584,31.24867722,21.8692441,74.84559689,26.87178104,21.8692441,0.605564056,21.59515376,85.06871663,16.7926,102.3278,8/1/2019,0.235412209,25.85252954,22.72521256
4024,36.45514681,3.741337248,113.28634,1015.757917,1007.230261,1011.487081,97.55223363,89.12332619,77.92817868,35.08412855,31.58533633,22.37701371,62.1490735,26.79786469,22.37701371,0.546563019,16.42085819,135.7217079,16.1962,102.7713,8/1/2019,-0.052787506,21.24092158,21.95133021
4025,36.07069912,3.792263695,114.9128728,1015.66484,1007.246367,1011.468788,97.34096508,89.20117159,77.68911683,35.04875504,31.63778895,22.01380679,71.38005585,26.78110064,22.01380679,0.559059218,14.27340286,107.6329247,16.006,102.6597,8/1/2019,0.116897458,23.90431347,22.39659356
4029,35.24852632,3.829464347,116.0381489,1015.70705,1007.099969,1011.424493,97.31911036,89.55788342,77.99241655,34.74092165,31.29039429,21.90921185,73.15160705,26.81279092,21.90921185,0.602514595,21.3373244,87.96718693,16.6965,102.2928,8/1/2019,0.219411793,25.63183531,22.6996129
4101,30.20165263,3.64882652,110.7299658,1016.053673,1007.12492,1011.674984,96.76819584,89.57569458,76.49935898,32.63502878,29.46259515,21.92295825,29.02904971,24.77972881,21.92295825,0.398091702,12.79849048,90.73238008,17.4207,102.8122,5/1/2022,-0.04288157,18.72688047,21.31838561
4102,31.8465033,3.732546437,113.0465651,1015.808181,1006.941888,1011.413064,97.55878274,90.78086125,78.96250004,33.88236658,30.56369465,21.85194554,56.69707692,26.0650775,21.85194554,0.578562465,18.60011777,85.92541949,17.4901,102.5761,8/1/2020,0.267972956,25.14321108,22.86102843
4103,31.92059317,3.622811041,109.6276373,1015.572519,1006.695503,1011.15402,97.91115547,90.65200135,78.64774512,34.62114356,31.13217354,21.7284822,85.39572879,27.36791223,21.7284822,0.586199187,8.601396867,96.10152942,17.1748,102.5992,8/1/2020,0.138211065,23.63552644,22.07192608
4104,33.83444015,3.886437931,117.8548289,1015.796586,1007.092944,1011.493057,97.39582485,90.12740189,78.22662742,34.01044487,30.68124652,21.87702063,58.20491943,26.06601995,21.87702063,0.524967543,22.98746544,79.0815749,17.1158,103.016,8/1/2019,0.248225555,25.58291778,22.93051677
4105,34.65851189,3.861132953,117.0377773,1015.739937,1007.093616,1011.457463,97.43396684,89.91291887,78.15744629,34.37070134,30.98642024,21.91900293,68.84146293,26.58167414,21.91900293,0.507707005,21.67841972,85.12376887,16.9499,102.9024,8/1/2019,0.223895766,25.44626593,22.74899559
4106,32.84732149,3.925332712,119.0038167,1015.892353,1007.097625,1011.545924,97.3377238,90.4301347,78.41859134,33.62046523,30.39925806,21.86353622,46.34842888,25.56611076,21.86353622,0.613795721,24.40567603,76.47864544,17.3869,103.0881,8/1/2020,0.274721788,25.45934313,23.2425959
4107,33.95035789,4.083966038,123.7963497,1015.872054,1007.106533,1011.538748,97.53341556,90.75420506,79.05617953,33.87742174,30.58954661,21.82430826,48.37161895,25.59077399,21.82430826,0.532830886,23.54082305,76.00216631,17.4892,103.1976,9/1/2023,0.256951778,26.16725287,23.03138747
4108,34.61448841,4.056196642,123.042537,1015.801026,1007.119609,1011.514392,97.49739063,90.36503239,78.63796317,34.01638125,30.72494937,21.8584568,54.92153914,25.89329818,21.8584568,0.491700585,28.26113495,80.38393823,17.2252,103.2563,8/1/2019,0.218746924,25.92967707,22.94936794
4109,35.0218025,4.004083967,121.4556761,1015.748474,1007.132043,1011.489997,97.50250771,90.18716789,78.54000271,34.19320675,30.88489911,21.88458401,61.21656822,26.18385949,21.88458401,0.522002922,27.12917335,86.1304191,17.0482,103.2257,8/1/2019,0.202422661,25.70507429,22.85632161
4110,35.43797181,4.120291379,125.0780024,1015.755775,1007.141487,1011.510751,97.56988497,90.31829841,78.77561477,34.06984914,30.81704614,21.90198392,57.13228742,26.00918337,21.90198392,0.556764124,30.51708454,85.43281714,17.0679,103.4463,8/1/2019,0.165571235,25.71721202,23.03582629
4111,34.94913389,4.367132008,132.2887954,1015.921256,1007.113937,1011.552466,97.77030096,91.31823395,79.83795158,34.0712025,30.73928233,21.70631902,45.81232188,25.40424262,21.70631902,0.176380374,34.82627824,78.89218044,17.7169,103.2585,9/1/2023,0.251622321,26.81852799,23.14209942
4117,32.97485974,3.850054426,116.5928934,1015.825438,1006.979949,1011.434167,97.7688882,91.48382558,80.25963689,34.16894427,30.80517549,21.87167382,53.63323081,25.91699418,21.87167382,0.583794823,27.17792846,85.41646159,17.6653,102.4164,8/1/2020,0.220845383,25.61757582,22.29700114
4118,34.56287651,4.011873137,121.5717668,1015.86034,1007.013435,1011.458491,97.42945189,90.79389157,79.629282,34.24142794,30.82916992,21.78207884,50.38455733,25.72304012,21.78207884,0.635171426,28.83269044,89.07027651,17.7564,102.188,8/1/2020,0.229839286,26.59082876,22.97675522
4119,32.21108861,3.846737408,116.4733219,1015.936413,1007.093568,1011.549535,97.93309369,92.14097541,81.24669455,33.81650486,30.54086047,22.0027197,39.99864687,25.39053078,22.0027197,0.592601966,23.98576846,96.31250924,17.6773,102.9335,10/1/2021,0.143970806,24.06408129,21.598167
4120,33.06643647,4.070623859,123.1733293,1015.941362,1007.103558,1011.550885,98.03394146,92.36818947,81.72752895,33.97640566,30.71050001,21.92629421,40.75749791,25.35349208,21.92629421,0.58647758,33.43635438,99.63788984,17.7959,103.0477,10/1/2021,0.143591672,24.57367413,21.76110215
4121,32.22553595,3.756648336,114.1514067,1015.829968,1007.018595,1011.457058,97.31690807,90.13110243,77.88524083,33.73602209,30.49795878,21.8604111,55.12593243,26.05780501,21.8604111,0.566610493,16.71184722,81.97737145,17.1594,102.7946,8/1/2020,0.275602566,24.97329722,23.28470155
4122,34.8835245,4.07889311,123.6106213,1015.881072,1007.04932,1011.488336,97.41541725,90.86013492,79.83819501,34.23699831,30.83593742,21.78103734,47.87179618,25.58323162,21.78103734,0.772723794,29.56756592,87.41803304,17.9265,102.131,8/1/2020,0.226965825,26.68381448,23.05420584
4123,32.62851795,3.932479285,119.15888,1015.916381,1007.095563,1011.553013,97.4417114,90.82794119,79.05352311,33.6165021,30.39993097,21.87868057,43.67280358,25.45901996,21.87868057,0.565949064,24.3164729,76.86267919,17.5372,103.048,8/1/2020,0.2768801,25.5114376,23.07976709
4124,34.27944186,3.975642947,120.5784785,1015.79648,1007.112075,1011.50549,97.44964071,90.2549395,78.48264291,34.01858053,30.71143861,21.865038,56.47422433,25.97098794,21.865038,0.612003327,26.59067212,80.31847543,17.1704,103.1635,8/1/2019,0.232092626,25.77241496,22.91052612
4125,31.9856181,3.777939219,114.5989161,1015.916646,1007.088174,1011.566992,97.15666699,90.03048972,77.5538786,33.38478206,30.11286075,21.88753521,44.31431058,25.44057208,21.88753521,0.597896912,20.27000231,78.09718591,17.2771,102.9482,8/1/2020,0.247742992,24.26988024,23.32893873
4201,40.59580542,4.558283039,138.7730432,1016.111957,1007.010785,1011.579761,96.31201284,88.85735188,77.48189261,34.84892964,31.19914309,21.83461972,29.21750757,25.09094742,21.83461972,0.57441777,72.08316171,127.434188,17.5315,101.722,6/1/2019,-0.028444417,25.07422288,25.18625765
4202,36.8298632,4.19706093,127.2985152,1015.980172,1007.017536,1011.519915,96.70202826,89.75381525,78.61101149,34.15576121,30.66184705,21.69321596,38.91582075,25.1600815,21.69321596,0.674893858,33.9832046,101.6996725,17.511,101.9592,8/1/2020,0.137584007,26.31182548,24.08702108
4203,36.90716479,4.223151682,128.1191038,1015.962729,1007.04899,1011.526445,96.81153133,89.85698383,78.69115627,34.26532981,30.78959023,21.71051913,40.22187249,25.25302351,21.71051913,0.73651359,34.30075256,97.20109696,17.8301,101.7191,8/1/2020,0.173822267,26.82857183,24.19196047
4204,36.11022815,4.157307405,126.0890628,1015.925098,1007.032961,1011.502571,97.01328539,90.11741839,78.92892259,34.25256949,30.79081079,21.72651176,44.08692768,25.40074358,21.72651176,0.727115445,32.81991396,94.74538088,17.7789,101.9641,8/1/2020,0.203901611,26.94651787,23.82574571
4205,36.20316029,4.106951101,124.6523858,1015.902734,1007.095026,1011.51838,96.81301687,89.79073769,78.64197809,34.19605301,30.76062099,21.66417436,44.08735726,25.32307869,21.66417436,0.744729762,23.34554084,92.74056801,17.2645,101.2092,8/1/2020,0.196276365,26.69099695,23.72395533
4206,36.14728538,4.118161288,124.8274567,1015.870226,1007.115231,1011.51356,96.91537317,89.83108334,78.60686405,34.30748069,30.87980915,21.67064222,46.82367444,25.43656301,21.67064222,0.707162832,23.92781956,89.3064606,17.4481,100.993,8/1/2020,0.226512557,27.04165285,23.74375854
4207,36.73111762,4.174161638,126.4976283,1015.98354,1007.061975,1011.541969,96.62456137,89.73440129,78.70565965,34.03306189,30.56713956,21.64910774,36.95866764,25.01716883,21.64910774,0.710488475,19.65812736,99.45938089,17.4043,101.3928,8/1/2020,0.129118154,26.04908989,23.90523792
4208,37.14818833,4.234047485,128.4022401,1015.987016,1007.054908,1011.542894,96.65185103,89.66401117,78.54599763,34.1797238,30.69768921,21.6840989,37.32453446,25.08355607,21.6840989,0.627584432,28.22954085,99.45835459,17.6252,101.4409,8/1/2020,0.1383916,26.3786647,24.19326998
4209,34.9781018,3.963769057,119.9392639,1016.027614,1007.06777,1011.564316,96.45677274,90.22746031,79.69100559,33.18799268,29.68589046,21.46622091,29.78989298,24.3342587,21.46622091,0.729130617,24.52552117,103.1227419,17.2885,101.7074,8/1/2020,0.013122454,23.57830822,22.45089722
4210,35.3096321,3.967889402,120.2086251,1015.805865,1007.064616,1011.456122,97.05013206,89.84569524,78.55012748,34.3567918,30.8956655,21.71581047,55.8537122,25.84689082,21.71581047,0.701708551,24.86687076,89.35812228,16.9106,101.8341,8/1/2020,0.238850798,26.727842,23.22622217
4211,35.7959181,4.058412936,122.987517,1015.951537,1007.062621,1011.522461,96.68353577,89.90363796,78.93300064,33.84730584,30.42925938,21.61808688,39.48181037,25.07241516,21.61808688,0.634395961,21.93450875,98.10239165,17.1247,101.6374,8/1/2020,0.130107687,25.6461043,23.31948627
4212,34.8445008,3.933427124,119.1496329,1015.780542,1006.975712,1011.403164,97.19951989,90.06804222,78.72026058,34.36535626,30.87430276,21.70578462,59.90461805,26.02906255,21.70578462,0.751308314,25.97731463,93.14800192,17.0592,102.0088,8/1/2020,0.236700332,26.65067968,23.12541415
4213,35.65188568,4.044007446,122.4635535,1015.92424,1007.009449,1011.482271,96.81828472,90.01102376,78.95462538,33.97966382,30.49322709,21.6319316,43.79989655,25.27741483,21.6319316,0.698789596,28.0679406,99.96318979,17.282,101.9651,8/1/2020,0.154008613,26.03814245,23.44591609
4214,35.51517478,4.018371402,121.6918793,1015.899002,1007.039903,1011.48638,96.84337789,89.96503357,78.8805479,34.01070568,30.55466421,21.64398781,45.72155357,25.36009052,21.64398781,0.623533891,26.76083014,96.20635921,17.0909,101.8303,8/1/2020,0.172254198,26.12234368,23.29845758
4301,30.31387414,3.537048775,106.7709478,1015.995278,1007.115633,1011.567416,98.8209404,95.12277097,86.59993482,33.92307227,30.7542124,22.4420557,28.42173122,25.19742195,22.4420557,0.43171271,28.69630264,161.239906,17.8749,102.7974,10/1/2021,-0.212987282,18.11747467,18.75138562
4302,31.73497143,3.728968592,112.8678927,1015.930178,1007.076214,1011.524412,98.27960309,93.32984797,83.40721236,33.99249322,30.74494198,22.15070645,38.87963347,25.45222911,22.15070645,0.617946644,25.93526625,120.661021,17.7959,102.5569,10/1/2021,0.014979656,22.26239373,20.59467218
4305,35.02458377,4.548815656,137.5471139,1015.989363,1007.111625,1011.570034,98.0568257,92.26224754,81.13655395,34.18668973,30.84318666,21.64014119,41.62118588,25.15708034,21.64014119,0.619190996,41.45954237,90.03983521,17.954,103.1311,10/1/2021,0.209546255,26.38326373,22.73997822
4307,32.11135992,3.801275927,115.0093512,1015.934782,1007.08496,1011.529234,98.26746145,93.24559476,83.25746691,34.03725341,30.78004294,22.10642472,38.6853795,25.42032365,22.10642472,0.680364491,27.88479701,120.9977927,17.9353,102.5152,10/1/2021,0.021655672,22.54484078,20.74094871
4308,34.5373027,4.093940483,124.0263403,1015.884749,1007.069696,1011.500295,97.60301505,91.26760755,80.25003224,34.22377804,30.85297854,21.79199391,47.16264165,25.55513341,21.79199391,0.816343298,29.19866951,84.91110979,18.0671,102.2078,10/1/2021,0.217888048,26.37304237,22.74381309
4314,31.61156586,3.736329796,112.692464,1015.930003,1007.068693,1011.528922,98.04381751,92.39574351,81.84708634,33.82961805,30.55823213,22.07685854,39.76839164,25.46959493,22.07685854,0.621549676,21.17380998,103.8539298,17.6609,102.7062,10/1/2021,0.094100876,23.1654962,21.11412622
4315,38.07006301,5.355358755,165.205365,1016.105606,1007.119749,1011.610092,98.10745355,91.93376721,79.80698689,34.45743245,30.97919579,21.13908052,41.08588117,24.78570655,21.13908052,0.540778488,50.37550867,81.78793779,18.0199,103.3024,9/1/2023,0.275002694,28.52327828,24.29673611
4316,39.63934899,6.159495474,186.1043551,1016.216999,1007.117946,1011.658658,98.29530688,92.32882685,79.60145001,34.65021981,31.1352435,20.74353968,38.38822687,24.27942079,20.74353968,0.624603201,48.04301781,87.25536872,18.1823,103.2321,10/1/2023,0.282523043,29.20785039,24.96139615
4317,32.82331425,3.874811365,117.3059879,1015.905926,1007.065526,1011.506403,98.02989349,92.46193915,82.02156141,34.09545644,30.79416594,21.99497198,43.07652788,25.54259369,21.99497198,0.74318033,27.63596247,105.3468439,17.8969,102.4329,10/1/2021,0.111973739,24.14733712,21.52224907
4401,36.75936294,3.902778368,118.3598946,1015.445137,1007.120837,1011.336487,97.81255894,90.11685076,78.50038747,35.01394966,31.70000611,21.83605138,83.52856759,26.92121194,21.83605138,0.567856473,15.65135177,121.5097969,16.1241,103.2978,8/1/2019,0.078192925,23.94899889,22.75558944
4402,37.23707786,4.000577698,121.4760199,1015.371188,1007.093261,1011.262051,97.93280047,89.81299081,78.02067747,35.24978836,32.04481581,21.63786257,78.4464944,26.31724373,21.63786257,0.584624253,14.89577732,134.726966,16.0542,103.3939,8/1/2019,0.018343866,23.47240517,22.96681452
4403,35.82813213,3.670186149,111.0035798,1015.50311,1007.052237,1011.362998,97.65288261,90.49285232,78.93775066,34.93931704,31.46067837,22.2145359,108.8313811,28.41815512,22.2145359,0.599284355,17.19899101,119.6087185,16.2465,102.9941,5/1/2020,-0.013472641,20.68538393,21.28001802
4404,36.47692692,3.828182421,115.9524171,1015.503253,1007.116898,1011.372944,97.72637643,90.36185458,78.88987789,34.82658517,31.4816923,21.97325683,90.09887327,27.44212177,21.97325683,0.56522412,18.26377471,112.2425825,16.3114,103.2678,8/1/2019,0.097006391,23.72017638,22.54931316
4405,36.47251008,3.762021263,113.877268,1015.658544,1007.155954,1011.45142,97.47201787,89.60849837,78.18997562,34.86342281,31.4306185,22.16390173,87.31059057,27.64676127,22.16390173,0.58064869,19.86703148,106.7621451,16.4656,103.058,8/1/2019,0.080625692,23.03816454,22.28085657
4406,36.15671896,3.830591579,115.7166937,1015.526955,1007.157836,1011.391273,97.64496088,89.99962443,78.3992893,34.96296045,31.60869948,21.91374154,86.42909943,27.14333529,21.91374154,0.614221232,14.3845479,108.4934668,16.0105,103.1077,8/1/2019,0.117522514,23.85209556,22.33688779
4407,35.98274389,3.879473304,117.5914565,1015.544674,1007.274223,1011.43226,97.61004177,89.77604144,78.04518997,35.05595435,31.75668639,21.63174131,72.14083754,26.38826973,21.63174131,0.549516789,11.8494786,99.54417305,15.7921,103.0684,8/1/2019,0.173720003,25.05543533,22.40616745
4408,35.51374807,3.882577106,117.533003,1015.543586,1007.437072,1011.490739,97.81720981,89.9349649,77.86700986,35.28729523,32.10238304,21.13359586,59.6090088,25.43578665,21.13359586,0.578390989,9.37140218,105.7589384,15.5337,103.2683,9/1/2020,0.198670536,25.28284808,21.75237174
4409,36.61071303,3.96512076,120.2975433,1015.422867,1007.170272,1011.337029,97.82993101,89.78045541,77.89948384,35.09354165,31.8392166,21.63286494,75.79736614,26.37370022,21.63286494,0.562120689,12.97409786,121.2761011,15.8947,103.348,8/1/2019,0.078406379,24.2145421,22.6125884
4410,35.92114941,3.911249242,118.5657461,1015.49611,1007.302553,1011.426909,97.7198069,89.79850925,77.9065145,35.05177712,31.82826215,21.51618674,70.06169191,26.08720344,21.51618674,0.52591903,11.25762451,99.54528485,15.7295,103.2356,8/1/2019,0.168962452,25.17772498,22.28857861
4411,35.8165723,3.889403787,117.8785598,1015.551563,1007.337507,1011.462401,97.65371685,89.80674134,77.99464786,35.17626208,31.91927617,21.43182262,65.55939509,25.91017152,21.43182262,0.54806501,10.23065119,96.61018211,15.6637,103.0863,9/1/2020,0.20927277,25.5348915,22.33575867
4412,36.11505781,3.790333266,114.5239366,1015.584012,1007.17632,1011.422143,97.57207884,89.81121374,78.28486173,34.97733459,31.57671071,22.02099863,83.57127772,27.20080216,22.02099863,0.499328837,14.61358,109.5795395,16.0302,102.9461,8/1/2019,0.108325301,23.56194812,22.32783222
4413,36.39857603,3.838757374,116.2927524,1015.631438,1007.162162,1011.439507,97.53077135,89.84649747,78.33370862,34.77057336,31.37688747,22.05811009,83.5863092,27.26966299,22.05811009,0.649928002,20.87030764,105.6993516,16.5398,103.1478,8/1/2019,0.113013575,23.87827903,22.51664362
4501,38.23368553,4.137360667,125.7060653,1015.27705,1007.011061,1011.176247,98.1241676,89.25967544,77.14549146,35.24388544,32.12558136,21.57060596,78.23252169,26.33753351,21.57060596,0.557675783,13.42887187,172.5824303,15.9552,103.6503,8/1/2019,-0.123819699,21.68115778,23.02223418
4502,35.13505294,3.892424391,118.5195744,1015.414522,1007.367538,1011.414796,97.75328851,89.60052741,77.22977648,34.77358129,31.61943202,21.60724145,71.4714709,26.17006456,21.60724145,0.549002107,10.13462717,101.1292825,15.6513,103.5336,9/1/2020,0.153430924,24.91132757,21.6326238
4503,35.27812538,3.888970409,117.8396362,1015.472766,1007.375955,1011.443116,97.74485431,89.74090222,77.58276941,34.97553018,31.813184,21.44894673,67.00197661,25.91800113,21.44894673,0.587831047,10.13823108,102.0727671,15.6183,103.3849,9/1/2020,0.190152839,25.33318096,21.74804006
4504,37.10179212,4.058729015,123.2278904,1015.334556,1007.140742,1011.260921,97.98396183,89.52279194,77.49977224,35.1346596,31.9509476,21.58214744,76.03853368,26.25026411,21.58214744,0.553835674,12.24479985,142.1240315,15.8518,103.5708,8/1/2019,-0.011299157,23.1722708,22.66869729
4505,38.78509744,4.223662947,128.3481779,1015.321283,1007.015498,1011.209108,98.14662739,89.13447876,77.06695089,34.6028482,31.49758679,21.86584945,81.14923247,27.15316948,21.86584945,0.772458048,14.20537457,195.7956138,16.0193,103.7719,8/1/2019,-0.205483387,20.46883682,22.85887355
4506,30.80288575,4.152929261,126.2874177,1015.285624,1007.332716,1011.391175,98.34952114,90.43030887,78.12924962,33.41176788,30.09111542,21.35416419,89.19879212,26.86422312,21.35416419,0.54995321,10.9630086,88.52325425,15.662,104.0803,8/1/2019,0.049562571,19.53969769,17.93924213
4507,36.5309873,4.127612032,125.4315765,1015.419804,1007.159086,1011.349813,97.9430154,90.17133458,78.5378798,34.4835628,31.2551938,21.64368942,74.61355056,26.38932406,21.64368942,0.58255841,17.47275202,128.1171946,16.2792,103.9532,8/1/2019,0.039641185,23.68490054,22.56718258
4508,37.37165941,4.019381385,122.1125144,1015.430645,1007.167957,1011.350078,97.99231964,90.88177127,79.67686494,34.48651599,31.34522504,21.81450595,76.13023357,26.56319876,21.81450595,0.655025804,18.9030235,129.1480587,16.3535,103.774,8/1/2019,0.004580223,23.38964916,23.20234737
4509,35.16787035,4.237800309,128.8466482,1015.469313,1007.19272,1011.412402,97.78096884,90.16925008,78.61061958,34.02707866,30.77839428,21.44690384,69.46851605,26.08873331,21.44690384,0.593813765,17.02825608,106.2233738,16.3229,104.2328,8/1/2019,0.091769199,23.50559941,21.83028538
4510,35.50645226,4.157955657,126.3811473,1015.351891,1007.158311,1011.315028,98.08941902,89.90752611,77.95456974,34.34606055,31.15926396,21.56671355,79.85680222,26.60243247,21.56671355,0.590683441,14.50634708,132.9942684,16.0411,103.9838,8/1/2019,0.008403845,22.42100049,21.50091501
4511,34.03088761,3.925886238,118.9399963,1015.369501,1007.418265,1011.413953,97.74722906,89.59662007,76.98412422,34.3519897,31.20260177,21.71449716,75.45323538,26.45470134,21.71449716,0.660191332,6.948961347,102.2949901,15.6136,103.7849,9/1/2020,0.146103039,24.21481918,20.79892293
4512,36.13141226,4.061116941,123.2524847,1015.356777,1007.19844,1011.317437,97.94017458,89.60465579,77.47899956,34.72513561,31.52671352,21.62465249,76.55046665,26.45739004,21.62465249,0.614295962,10.58712071,129.8512341,15.7849,103.7278,8/1/2019,0.033126346,23.49184411,22.03614273
4513,33.18293923,3.874223831,118.1949654,1015.363596,1007.495801,1011.464268,97.63170423,89.52819208,76.97028786,34.10560061,30.98853047,21.76597297,76.27166612,26.5249858,21.76597297,0.577949553,8.91264983,107.5320765,15.4849,103.9282,9/1/2020,0.140546254,23.63613515,20.08259648
4514,35.99172747,4.119198708,125.4022587,1015.340361,1007.172715,1011.308362,98.05899857,89.70545026,77.61850013,34.50579817,31.30596842,21.61072077,79.44764449,26.60687779,21.61072077,0.595731545,11.90035251,138.9871672,15.8507,103.8552,8/1/2019,-0.005771037,22.5954265,21.78482781
4515,35.83023842,4.188949972,127.5911773,1015.498191,1007.1808,1011.406572,97.77748123,90.19084332,78.62810576,34.15477855,30.94456049,21.58639713,68.09494196,26.15555649,21.58639713,0.548830772,17.65321474,109.4197158,16.3841,104.1127,8/1/2019,0.095528367,24.2137978,22.42778635
4516,37.9020424,4.068574561,123.6539145,1015.263127,1007.00964,1011.153774,98.08309972,89.38510899,77.33837943,35.71057279,32.56247006,21.44932243,76.47137317,25.84176347,21.44932243,0.574469624,14.34696006,153.5304877,16.0214,103.501,8/1/2019,-0.101720421,21.79558948,22.86533573
4517,38.35192783,4.067189711,123.7199782,1015.22144,1007.003318,1011.146485,98.16720578,89.62025923,77.705959,35.85938808,32.54504893,21.47986312,76.51002051,25.85042729,21.47986312,0.448914576,16.19864223,161.3290937,16.1591,103.6167,8/1/2019,-0.160613247,20.92366666,22.8756987
4518,38.09375165,4.108232502,124.9073891,1015.304446,1007.055379,1011.214492,98.10851669,89.68956305,77.84474049,35.10620799,31.94925145,21.6537184,77.99840811,26.38596187,21.6537184,0.567031146,16.16714769,163.6954016,16.1635,103.7369,8/1/2019,-0.082247202,22.34344415,23.21246539
4519,32.90665412,4.05741083,123.5269776,1015.348467,1007.402526,1011.433642,97.9362301,89.99246957,77.70046252,33.93293915,30.69338997,21.55537677,80.83156694,26.59085284,21.55537677,0.570713689,9.93174524,98.12348502,15.5727,104.016,9/1/2020,0.110265747,22.34158551,19.71808932
4520,37.6033321,4.16548063,126.6505238,1015.330189,1007.088828,1011.259757,98.10156127,89.52652633,77.49136424,34.6508478,31.45363257,21.69652059,79.73443531,26.7542469,21.69652059,0.572987854,13.94960824,168.1696704,15.9909,103.868,8/1/2019,-0.094238252,21.94911545,22.66805641
4601,36.93017601,3.986784092,121.0491866,1015.52567,1007.178063,1011.399887,97.83890802,90.86528311,79.61182517,34.40671432,31.22997409,21.8865171,74.12388442,26.61592137,21.8865171,0.555456097,22.14433409,114.4341407,16.5623,103.5405,8/1/2019,0.066686497,24.22358281,23.19279864
4602,36.59453412,4.083711157,124.0454117,1015.547284,1007.170303,1011.421449,97.8082084,90.57065039,79.21998941,34.27097525,31.09087688,21.82808256,68.42421089,26.31091323,21.82808256,0.543965724,21.96748641,110.4194047,16.5807,103.7981,8/1/2019,0.085907118,24.67744742,23.12731754
4603,38.23932572,3.890433916,118.2832127,1015.432512,1007.22512,1011.380538,98.13781434,92.33350827,81.74654169,34.11832981,31.10158287,22.02320763,80.57206758,26.95091093,22.02320763,0.635795487,18.19090885,127.8985477,16.2967,103.5971,8/1/2019,-0.243250954,19.13079095,22.22394136
4604,37.77594474,3.994679945,121.0165436,1015.404537,1007.150139,1011.322069,98.05990941,91.01424751,79.63423158,34.52782598,31.46811771,21.80282402,78.03635925,26.60785897,21.80282402,0.610367701,18.14307603,134.273782,16.288,103.7172,8/1/2019,-0.043225601,22.64763501,23.27773612
4605,36.04752176,4.192236292,127.421168,1015.571943,1007.167002,1011.445989,97.70330519,90.24652896,78.7729721,34.0693823,30.85628785,21.71970893,62.91845034,26.01268157,21.71970893,0.524290994,17.98592999,103.2693293,16.5392,104.0668,8/1/2019,0.110604235,24.83495323,22.91514224
4606,35.91961023,4.233859202,128.7399803,1015.680097,1007.152278,1011.505196,97.6105691,90.25938862,78.86754105,33.82320599,30.62095476,21.83679767,54.50903677,25.76930324,21.83679767,0.558139614,15.36424609,91.88264968,16.6812,104.1083,8/1/2019,0.110091914,25.08865522,23.2798322
4607,36.95017263,3.918094132,118.8752854,1015.505572,1007.164561,1011.386779,97.81812506,90.60678972,79.36977506,34.60688395,31.37942872,21.91659578,80.1498608,26.90309452,21.91659578,0.589253002,20.08216251,116.8634183,16.4402,103.3703,8/1/2019,0.075258446,24.07199762,23.07478533
4608,36.3821745,3.892287645,117.9886114,1015.607865,1007.162677,1011.431293,97.60680215,90.04818909,78.61960272,34.64880659,31.33379476,21.97249185,78.50102276,27.00768635,21.97249185,0.575960433,21.73613403,105.9723847,16.5829,103.2454,8/1/2019,0.126673356,24.50083134,22.73617009
4609,36.27904653,4.053430373,123.0682875,1015.617972,1007.165336,1011.446308,97.70650401,90.44611207,79.05308083,34.27836494,31.08171962,21.88233452,66.64825525,26.36065541,21.88233452,0.55547334,25.27878007,102.0013137,16.7249,103.5731,8/1/2019,0.120247388,25.1195786,23.07279661
4610,35.53710753,4.166849321,126.6212979,1015.765669,1007.138584,1011.531196,97.62886762,90.37343279,78.94745365,33.85438089,30.67480546,21.99966979,53.06912178,25.8998743,21.99966979,0.555670548,30.11957076,83.79396957,16.9543,103.6692,8/1/2019,0.110181807,25.20842924,23.18163559
4611,35.58644519,4.005189935,121.4984013,1015.701165,1007.147379,1011.475363,97.53992824,90.13238888,78.56136964,34.33883926,31.02629559,21.9021988,66.04372353,26.37893383,21.9021988,0.520803837,26.2647246,92.44111021,16.9146,103.2732,8/1/2019,0.176289861,25.45879618,22.83638225
4612,36.15600469,3.972841376,120.5112658,1015.633693,1007.163569,1011.44931,97.61360274,90.14890387,78.70436214,34.47661706,31.18360595,21.91693104,71.65267833,26.61976675,21.91693104,0.575099914,24.34094811,101.3542837,16.7293,103.3284,8/1/2019,0.142643041,25.03378579,22.85403496
4613,35.88367197,4.152234301,126.1801648,1015.695016,1007.149523,1011.503617,97.67411777,90.39669318,78.99954916,33.97922017,30.76777196,21.95024129,57.77178407,25.98683812,21.95024129,0.537602629,26.34999622,92.00096377,16.7992,103.7675,8/1/2019,0.112211227,25.21617259,23.18223094
4614,36.03622334,4.15951025,126.4075054,1015.654993,1007.158789,1011.477903,97.6953415,90.38418891,78.98869482,34.00868494,30.8336726,21.87009157,59.37839302,26.01828539,21.87009157,0.49725002,22.54625407,96.28163065,16.6834,103.8876,8/1/2019,0.109314584,25.14168575,23.17609053
4615,35.87526514,4.092835739,124.2670334,1015.688136,1007.153965,1011.484992,97.63141453,90.31624716,78.84862603,34.16748996,30.93313653,21.90903469,61.74858249,26.1786807,21.90903469,0.488776552,27.76016765,93.31522432,16.8713,103.5294,8/1/2019,0.140785634,25.42816929,23.03994528
4616,35.56217079,4.221818799,128.477514,1015.781083,1007.139836,1011.547568,97.62686336,90.36158584,79.01717948,33.63860902,30.50591463,21.99318024,48.76530243,25.70699613,21.99318024,0.592622607,22.71692914,83.74424261,16.7861,104.0144,9/1/2023,0.072892672,24.72494709,23.29419815
4617,37.17836536,4.003206395,121.5814883,1015.484759,1007.179657,1011.382354,97.92579311,91.05333172,79.78620595,34.35330843,31.22827487,21.85127093,74.2082902,26.58238467,21.85127093,0.634653478,20.7595939,119.9272297,16.4846,103.7172,8/1/2019,0.026225427,23.69165114,23.22548942
4618,37.59991483,3.958799858,119.9989623,1015.4131,1007.141184,1011.318188,97.99728289,90.72132686,79.50125112,34.72465791,31.62883383,21.80725342,79.48266791,26.62298548,21.80725342,0.562286743,17.59065219,130.4136746,16.2485,103.4507,8/1/2019,-0.002572035,23.17337622,23.31624536
4701,33.42090822,4.1578979,126.5127641,1016.015888,1007.09327,1011.658453,97.75809858,90.49848576,79.61772718,32.74301904,29.83577973,22.46599185,28.55334369,25.51546637,22.46599185,0.613949205,36.43822036,112.7914394,17.1728,104.0712,5/1/2020,-0.178661716,20.37781107,22.31500823
4702,36.80229346,4.480736625,136.2620862,1015.968658,1007.177296,1011.686321,97.3344779,90.53971716,79.47851316,33.50720473,30.22802304,21.90991957,35.02597168,25.05763696,21.90991957,0.555590087,45.93258862,94.27564239,17.3606,104.2874,5/1/2020,-0.00339529,24.3013291,24.31689318
4703,34.51676854,4.206612635,128.0908462,1015.908651,1007.08855,1011.603255,97.66839882,90.43270862,79.05685024,33.25171523,30.22523897,22.31931805,38.57107961,25.62169076,22.31931805,0.568638138,33.56160489,93.86813659,17.0854,103.8352,5/1/2020,-0.031866497,23.08163942,22.88735814
4704,35.12596968,4.292972875,130.6085637,1015.960199,1007.116827,1011.641936,97.6056401,90.54891054,79.25509459,33.28547462,30.19801137,22.17325454,37.00338512,25.40102256,22.17325454,0.562266496,32.16588332,96.96800802,17.3301,103.8964,5/1/2020,-0.018026955,23.49483685,23.21895061
4705,35.49242937,4.326990965,131.5237547,1015.888261,1007.129167,1011.597847,97.585849,90.52536222,79.11274071,33.64281584,30.44158249,21.99879103,43.62387506,25.51021175,21.99879103,0.496586787,41.64642091,81.93406568,17.3781,103.7478,9/1/2023,0.089019638,25.13972268,23.45563883
4706,35.38410299,4.244550314,128.9511576,1015.831745,1007.131422,1011.560572,97.58308019,90.45673523,78.98452531,33.81988287,30.58862835,21.95754973,49.03290224,25.6969251,21.95754973,0.725849652,36.57294224,81.3724697,17.2558,103.6036,9/1/2023,0.134216711,25.58431293,23.28106352
4707,35.17519973,4.241119391,128.965325,1015.867364,1007.11679,1011.589213,97.61091931,90.45523283,79.05197747,33.57566339,30.40092087,22.12082829,44.42508423,25.62253364,22.12082829,0.629066542,35.81710597,82.94034209,17.1873,103.7241,5/1/2020,0.06482924,24.65624026,23.22733302
4708,36.43036427,4.582608145,139.1562077,1015.903263,1007.142461,1011.586748,97.6032601,90.69439764,79.09020449,33.94656812,30.64983273,21.72670721,44.56183492,25.3629512,21.72670721,0.531080858,73.54669849,82.74985991,17.6378,103.7635,9/1/2023,0.166717529,26.57343122,23.98764274
4709,37.29943607,4.923193468,149.355533,1015.945929,1007.144578,1011.594458,97.68339864,90.90066694,79.03394283,34.13704484,30.78421246,21.47169604,43.98332753,25.15235319,21.47169604,0.722738092,186.9427005,83.36933102,17.8091,103.7855,9/1/2023,0.203360321,27.41220927,24.3699625
4710,37.7033461,5.206299586,157.6677323,1016.019886,1007.13109,1011.600785,97.88410293,91.38136785,79.25040273,34.32087429,30.91474785,21.28884198,43.67475118,24.9589586,21.28884198,0.662726323,68.49258852,82.22685515,17.8837,103.5264,9/1/2023,0.248752326,28.08485668,24.26288664
4711,36.70720182,4.635437131,140.7987481,1015.903166,1007.150084,1011.601324,97.51447688,90.60124996,79.08268205,33.87355417,30.59912596,21.75647514,42.13777557,25.27966537,21.75647514,0.490078783,52.81267807,84.01160249,17.6642,103.9611,9/1/2023,0.133397693,26.2751544,24.34177685
4712,35.15203998,4.283856738,129.9416922,1015.85588,1007.124718,1011.544167,97.59457623,90.70579588,79.09478605,33.99073728,30.70481812,21.78047481,49.47589479,25.60752986,21.78047481,0.620109942,20.84945194,79.57716049,17.4961,103.4026,9/1/2023,0.214210728,26.41855673,23.21973965
4713,35.20448953,4.194480695,127.3125206,1015.818927,1007.130469,1011.534483,97.56152168,90.46702938,78.89243304,33.96514186,30.70972072,21.86364971,51.72619176,25.77816973,21.86364971,0.625279557,32.51948193,80.19762334,17.2995,103.4463,9/1/2023,0.184837734,26.0361865,23.15680974
4714,35.16133274,4.25594684,129.5861296,1015.986756,1007.12835,1011.663843,97.60315459,90.55512542,79.40717802,33.12525545,30.07949102,22.17903786,35.33444844,25.30493437,22.17903786,0.613115097,28.00492497,104.1817847,16.9434,104.1607,5/1/2020,-0.056687426,22.81323912,23.12135972
4715,36.08271208,4.320052338,131.5289876,1016.026765,1007.174346,1011.719103,97.48942372,90.68187316,79.66512777,33.19758297,30.01878652,21.97895322,34.66842013,25.03853928,21.97895322,0.605900395,28.42360789,106.4856703,17.0329,104.2962,5/1/2020,-0.043976407,23.264079,23.52192496
4716,35.92553419,4.47815342,136.9614493,1015.88786,1007.134133,1011.563829,97.63980437,90.77229943,79.13432165,34.01842589,30.71477589,21.71571689,47.1154223,25.46741097,21.71571689,0.676626684,51.45977891,81.25720661,17.6027,103.5571,9/1/2023,0.200422093,26.7132703,23.58742069
4717,36.57131019,4.386487633,133.4888741,1016.066223,1007.193197,1011.744932,97.41960843,90.73645178,79.74024855,33.24036511,30.03252418,21.90471524,33.03899847,24.91569616,21.90471524,0.594772513,54.56657175,109.2632047,17.2121,104.3158,5/1/2020,-0.056028064,23.27175482,23.75295498
4718,34.78137957,4.205214473,127.9971979,1015.886772,1007.093018,1011.601278,97.65901669,90.43175642,79.09648169,33.30691224,30.23538083,22.31035245,40.40921656,25.61084979,22.31035245,0.521479546,29.09664546,91.88409126,16.9346,103.9466,5/1/2020,-0.013996572,23.38574211,22.99941938
4801,40.80668883,5.389370512,163.6986942,1015.882569,1007.246737,1011.6644,96.16078921,88.91773772,77.19415332,34.60576206,31.01570325,21.64770537,28.94680781,25.0095879,21.64770537,0.607488578,34.45111675,153.2393682,17.3759,104.7178,8/1/2022,-0.387308889,20.06036962,24.08757845
4802,38.14542755,4.755477858,144.4882869,1015.825414,1007.179691,1011.605625,96.96459372,89.9618592,78.66418276,33.97674403,30.57050767,21.76874306,35.97075102,25.12852705,21.76874306,0.541647532,36.00736283,106.2064776,17.1793,104.5321,8/1/2022,-0.034501572,24.43633436,24.98022568
4803,38.65163905,4.926734772,149.7711619,1015.763134,1007.164237,1011.557831,96.91960252,90.07727763,78.80711133,34.23485359,30.78667633,21.67018884,35.43236945,25.10280404,21.67018884,0.74147863,44.99812385,112.8599363,17.6115,104.4793,8/1/2022,-0.071979742,24.02981362,24.85429411
4804,37.76614289,4.868853769,147.8949399,1015.869686,1007.162599,1011.582993,97.39506327,90.48761497,78.88540847,34.13630395,30.75922996,21.57723191,41.65433929,25.17017029,21.57723191,0.652317079,62.18787814,86.80902287,17.8793,104.2202,9/1/2023,0.156613016,27.02808615,25.20340622
4805,37.60918624,4.586554055,140.2649565,1015.699253,1007.125701,1011.508572,97.07680235,89.66551124,78.3021565,33.76914729,30.40558945,21.71299891,40.90487261,25.16215422,21.71299891,0.54191813,17.51065605,104.5535996,16.9456,104.6916,8/1/2022,0.043292049,24.90728847,24.61378019
4806,37.93515142,4.717631257,143.3647384,1015.761275,1007.166542,1011.565822,97.00340249,89.80233371,78.38005954,33.92454103,30.56106278,21.72477953,38.85818636,25.17254248,21.72477953,0.562847296,25.63198142,106.1040727,17.057,104.6435,8/1/2022,0.008453571,24.82550331,24.88237742
4807,36.89526211,4.466649159,135.8627912,1015.76787,1007.13672,1011.560478,97.26586553,90.02213375,78.72730877,33.61770417,30.34463502,21.80477099,41.48827814,25.23154267,21.80477099,0.530384148,24.58243985,94.07050799,16.9275,104.4925,9/1/2023,0.075398621,25.16016092,24.41883809
4808,37.29597305,4.701495799,142.8791086,1015.864881,1007.163213,1011.59759,97.29799091,90.36281388,78.99004661,33.91534673,30.60968734,21.74469834,39.34138919,25.20302378,21.74469834,0.57237898,52.51741523,86.70127738,17.651,104.2422,9/1/2023,0.085897405,25.86478231,24.91343078
4809,36.23804036,4.457497653,135.5306513,1015.94778,1007.154098,1011.645442,97.4679303,90.5421031,79.28145503,33.52908329,30.33211198,21.93430346,37.7799617,25.23819754,21.93430346,0.517606558,59.21708906,90.66619818,17.4885,104.0885,5/1/2020,0.03376176,24.66717131,23.98931931
4810,38.11899705,4.800958661,145.9126341,1015.822459,1007.170511,1011.594169,97.01922106,90.13925736,78.90102686,34.02645271,30.63741959,21.75421127,35.49525563,25.11277946,21.75421127,0.585902901,44.51927314,103.7881864,17.4753,104.409,8/1/2022,-0.028988762,24.51109613,24.98241483
4811,37.48572274,4.841280704,147.0246661,1015.888897,1007.158848,1011.591332,97.45905387,90.59137186,78.93786096,34.07012021,30.72824916,21.58755784,41.99674677,25.17992903,21.58755784,0.553946523,68.29597504,85.77617519,17.8354,104.1104,9/1/2023,0.161264892,26.97779546,24.95568958
4812,36.91287136,4.486103197,136.443401,1015.900162,1007.169768,1011.639786,97.28226189,90.30711972,79.17246231,33.56725646,30.29577685,21.87267404,37.25354117,25.14088201,21.87267404,0.539426811,39.05697064,88.03398718,17.0832,104.4294,10/1/2021,0.02522327,24.7046811,24.47015052
4901,37.93846941,4.301393021,131.2708787,1015.439776,1006.852643,1011.274511,96.91200065,88.46008247,77.20421331,32.77785678,29.37003408,21.76200204,32.40856738,24.41281576,21.76200204,0.549071866,11.50424529,135.2635915,16.5654,104.6304,8/1/2022,-0.376923292,17.04698132,20.45515335
4902,36.02751575,4.333682261,131.991991,1015.462233,1007.060342,1011.379921,97.3648696,89.56320749,78.16191979,33.45883406,30.15014833,21.4354146,53.80574721,25.31161853,21.4354146,0.610150701,16.34752871,115.0025238,16.3623,104.5627,9/1/2023,-0.032501955,21.63309738,21.92018735
4903,36.02946923,4.371027014,133.1498131,1015.452414,1007.102265,1011.382942,97.32961047,89.55597991,78.39251202,33.45747453,30.12471926,21.27905393,54.47775829,25.25759529,21.27905393,0.601342088,16.35220838,118.6599637,16.2902,104.8052,9/1/2023,-0.054135395,21.20025414,21.72732931
4904,36.44682582,4.36518566,132.8229635,1015.732722,1007.122147,1011.517974,97.37786484,89.96458222,78.67685176,33.55731213,30.31049784,21.79901989,44.60202131,25.32276886,21.79901989,0.661367618,23.02064371,94.05246906,16.8033,104.4073,9/1/2023,0.090347529,25.0204235,23.96493575
4905,36.25426642,4.304891421,131.1657503,1015.617848,1007.120157,1011.469951,97.44907472,89.93685814,78.5306655,33.66873912,30.42518588,21.70843541,51.57681661,25.5172615,21.70843541,0.755467248,14.88081325,97.79021367,16.6353,104.3399,8/1/2019,0.105441414,24.75294451,23.44885594
4906,37.64119453,4.381076546,133.4675893,1015.512548,1006.948955,1011.364275,97.01499464,89.00647636,77.59977227,33.12201553,29.8196113,21.72497486,37.29927242,24.79459597,21.72497486,0.572676,11.51913932,121.8841666,16.7293,104.7375,8/1/2022,-0.155015035,20.71917195,22.37431
4907,35.93368192,4.295485002,130.6973291,1015.518485,1007.131215,1011.421144,97.50069041,89.8583743,78.44247104,33.71260249,30.44776068,21.54333235,57.43579253,25.61407556,21.54333235,0.626001655,17.20330656,105.2029364,16.4583,104.3718,8/1/2019,0.079294971,23.73356522,22.67635696
